date,site,depth_range_m,deep_ft,shallow_ft,deep_m,shallow_m,divers,net_type,net_num,clarity,bedrock,boulder,cobble,gravel,small_gravel,sand,silt,hard_clay,veg_low,veg_mid,veg_high,clad,veg_cover,veg_1,veg_2,veg_3,veg_4,veg_5
6/20/2023,PEP,52-50,52,50,15.8,15.2,MB,CORE,10&20,5.1,0,0,0,0,0,0,100,0,A,A,A,UNK,0,0,0,0,0,0
6/20/2023,PEP,50-45,50,45,15.2,13.7,MB,CORE,10&20,5.1,0,0,0,0,0,0,100,0,A,A,A,UNK,0,0,0,0,0,0
6/20/2023,PEP,45-40,45,40,13.7,12.2,MB,CORE,10&20,5.1,0,0,0,0,0,0,100,0,A,A,A,UNK,0,0,0,0,0,0
6/20/2023,PEP,40-35,40,35,12.2,10.6,MB,CORE,10&20,5.1,0,0,0,0,0,0,100,0,A,A,A,UNK,0,0,0,0,0,0
6/20/2023,PEP,35-30,35,30,10.6,9.1,MB,CORE,10&20,5.1,0,0,0,0,0,0,100,0,A,A,A,UNK,0,0,0,0,0,0
6/20/2023,PEP,30-25,30,25,9.1,7.6,MB,CORE,10&20,5.1,0,0,0,0,0,0,90,10,A,A,A,UNK,0,0,0,0,0,0
6/20/2023,PEP,25-20,25,20,7.6,6.1,MB,CORE,10&20,5.1,0,0,0,0,0,0,10,90,P,A,A,UNK,1,0.2,0.2,0.2,0.2,0.2
6/20/2023,PEP,20-15,20,15,6.1,4.6,MB,CORE,10&20,5.1,0,0,0,0,0,0,20,80,P,A,A,UNK,5,0.5,0.5,0.5,0.5,0.5
6/20/2023,PEP,15-10,15,10,4.6,3.0,MB,CORE,10&20,5.1,0,0,0,0,0,0,40,60,P,A,A,UNK,20,0.3,0.3,0.3,0.3,0.3
6/20/2023,PEP,10-5,10,5,3.0,1.5,MB,CORE,10&20,5.1,0,0,0,0,0,5,15,80,P,A,A,UNK,50,0.1,0.1,0.1,0.3,0.3
6/20/2023,PEP,5-0,5,0,1.5,0.0,MB,CORE,10&20,5.1,0,0,0,0,0,5,5,90,P,A,A,UNK,80,0.3,0.3,0.3,0.3,0.3
6/20/2023,PEP,52-50,52,50,15.8,15.2,SAB,CORE,10&20,5.1,0,0,0,0,0,0,100,0,A,A,A,UNK,0,0,0,0,0,0
6/20/2023,PEP,50-45,50,45,15.2,13.7,SAB,CORE,10&21,5.1,0,0,0,0,0,0,100,0,A,A,A,UNK,0,0,0,0,0,0
6/20/2023,PEP,45-40,45,40,13.7,12.2,SAB,CORE,10&20,5.1,0,0,0,0,0,0,100,0,A,A,A,UNK,0,0,0,0,0,0
6/20/2023,PEP,40-35,40,35,12.2,10.6,SAB,CORE,10&20,5.1,0,0,0,0,0,0,100,0,A,A,A,UNK,0,0,0,0,0,0
6/20/2023,PEP,35-30,35,30,10.6,9.1,SAB,CORE,10&20,5.1,0,0,0,0,0,0,100,0,A,A,A,UNK,0,0,0,0,0,0
6/20/2023,PEP,30-25,30,25,9.1,7.6,SAB,CORE,10&20,5.1,0,0,0,0,0,0,100,0,A,A,A,UNK,0,0,0,0,0,0
6/20/2023,PEP,25-20,25,20,7.6,6.1,SAB,CORE,10&20,5.1,0,0,0,0,0,0,100,0,P,A,A,UNK,1,0.2,0.2,0.2,0.2,0.2
6/20/2023,PEP,20-15,20,15,6.1,4.6,SAB,CORE,10&20,5.1,0,0,0,0,0,30,70,0,P,A,A,UNK,5,0.4,0.4,0.4,0.4,0.4
6/20/2023,PEP,15-10,15,10,4.6,3.0,SAB,CORE,10&20,5.1,0,0,0,0,0,50,50,0,P,A,A,UNK,20,0.7,0.7,0.7,0.7,0.7
6/20/2023,PEP,10-5,10,5,3.0,1.5,SAB,CORE,10&20,5.1,0,0,0,0,0,50,50,0,P,A,A,UNK,40,0.5,0.5,0.5,0.5,0.5
6/20/2023,PEP,63-60,63,60,19.2,18.2,MB,EXP,1-12,5.1,5,0,0,0,0,0,95,0,A,A,A,A,0,0,0,0,0,0
6/20/2023,PEP,60-55,60,55,18.2,16.7,MB,EXP,1-12,5.1,0,0,0,0,0,0,100,0,A,A,A,A,0,0,0,0,0,0
6/20/2023,PEP,55-50,55,50,16.7,15.2,MB,EXP,1-12,5.1,0,0,0,0,0,0,100,0,A,A,A,A,0,0,0,0,0,0
6/20/2023,PEP,50-45,50,45,15.2,13.7,MB,EXP,1-12,5.1,20,0,0,0,0,0,80,0,A,A,A,A,0,0,0,0,0,0
6/20/2023,PEP,40-35,40,35,12.2,10.6,MB,EXP,1-12,5.1,0,0,0,0,0,0,100,0,P,A,A,UNK,2,0.1,0.1,0.1,0.1,0.1
6/20/2023,PEP,35-30,35,30,10.6,9.1,MB,EXP,1-12,5.1,0,0,0,0,0,0,100,0,P,A,A,UNK,20,0.3,0.3,0.3,0.3,0.3
6/20/2023,PEP,30-25,30,25,9.1,7.6,MB,EXP,1-12,5.1,0,0,0,0,0,0,100,0,P,A,A,UNK,20,0.3,0.3,0.3,0.3,0.3
6/20/2023,PEP,25-20,25,20,7.6,6.1,MB,EXP,1-12,5.1,0,0,0,0,0,0,100,0,P,A,A,UNK,20,0.3,0.3,0.3,0.3,0.3
6/20/2023,PEP,20-15,20,15,6.1,4.6,MB,EXP,1-12,5.1,0,0,0,0,0,0,100,0,P,A,P,UNK,60,0.1,0.5,1.2,1,0.1
6/20/2023,PEP,15-10,15,10,4.6,3.0,MB,EXP,1-12,5.1,0,0,0,0,0,0,100,0,P,A,A,UNK,80,0.1,0.1,0.1,0.1,0.1
6/20/2023,PEP,10-5,10,5,3.0,1.5,MB,EXP,1-12,5.1,0,0,0,0,0,100,0,0,P,A,A,UNK,90,0.1,0.1,0.1,0.1,0.1
6/20/2023,PEP,5-0,5,0,1.5,0.0,MB,EXP,1-12,5.1,0,0,0,0,0,100,0,0,P,A,A,UNK,20,0.1,0.1,0.1,0.1,0.1
6/20/2023,PEP,63-60,63,60,19.2,18.2,SAB,EXP,1-12,5.1,10,0,0,0,0,0,90,0,A,A,A,UNK,0,0,0,0,0,0
6/20/2023,PEP,60-55,60,55,18.2,16.7,SAB,EXP,1-12,5.1,0,0,0,0,0,0,100,0,A,A,A,UNK,0,0,0,0,0,0
6/20/2023,PEP,55-50,55,50,16.7,15.2,SAB,EXP,1-12,5.1,0,0,0,0,0,0,100,0,A,A,A,UNK,0,0,0,0,0,0
6/20/2023,PEP,50-45,50,45,15.2,13.7,SAB,EXP,1-12,5.1,20,0,0,0,0,0,80,0,A,A,A,UNK,0,0,0,0,0,0
6/20/2023,PEP,40-35,40,35,12.2,10.6,SAB,EXP,1-12,5.1,0,0,0,0,0,0,100,0,P,A,A,UNK,2,0.1,0.1,0.1,0.1,0.1
6/20/2023,PEP,35-30,35,30,10.6,9.1,SAB,EXP,1-12,5.1,0,0,0,0,0,0,100,0,P,A,A,UNK,20,0.3,0.3,0.3,0.3,0.3
6/20/2023,PEP,30-25,30,25,9.1,7.6,SAB,EXP,1-12,5.1,0,0,0,0,0,0,100,0,P,A,A,UNK,20,0.3,0.3,0.3,0.3,0.3
6/20/2023,PEP,25-20,25,20,7.6,6.1,SAB,EXP,1-12,5.1,0,0,0,0,0,0,100,0,P,A,A,UNK,20,0.3,0.3,0.3,0.3,0.3
6/20/2023,PEP,20-15,20,15,6.1,4.6,SAB,EXP,1-12,5.1,0,0,0,0,0,0,100,0,P,P,P,UNK,60,0.1,0.5,1.2,1,0.1
6/20/2023,PEP,15-10,15,10,4.6,3.0,SAB,EXP,1-12,5.1,0,0,0,0,0,0,100,0,P,A,A,UNK,80,0.1,0.1,0.1,0.1,0.1
6/20/2023,PEP,10-5,10,5,3.0,1.5,SAB,EXP,1-12,5.1,0,0,0,0,0,100,0,0,P,A,A,UNK,90,0.1,0.1,0.1,0.1,0.1
6/20/2023,PEP,5-0,5,0,1.5,0.0,SAB,EXP,1-12,5.1,0,0,0,0,0,100,0,0,P,A,A,UNK,20,0.1,0.1,0.1,0.1,0.1
6/21/2023,ABY,54-50,54,50,16.4,15.2,MB,CORE,10&20,6.3,0,0,0,0,0,80,20,0,A,A,A,UNK,0,0,0,0,0,0
6/21/2023,ABY,50-45,50,45,15.2,13.7,MB,CORE,10&20,6.3,0,0,0,0,0,80,20,0,A,A,A,UNK,0,0,0,0,0,0
6/21/2023,ABY,45-40,45,40,13.7,12.2,MB,CORE,10&20,6.3,0,0,0,0,0,80,20,0,A,A,A,UNK,0,0,0,0,0,0
6/21/2023,ABY,40-35,40,35,12.2,10.6,MB,CORE,10&20,6.3,0,0,0,0,0,80,20,0,A,A,A,UNK,0,0,0,0,0,0
6/21/2023,ABY,35-30,35,30,10.6,9.1,MB,CORE,10&20,6.3,0,0,0,0,0,60,40,0,A,A,A,UNK,0,0,0,0,0,0
6/21/2023,ABY,30-25,30,25,9.1,7.6,MB,CORE,10&20,6.3,0,0,0,0,0,40,60,0,A,A,A,UNK,0,0,0,0,0,0
6/21/2023,ABY,25-20,25,20,7.6,6.1,MB,CORE,10&20,6.3,0,0,0,0,0,40,60,0,A,A,A,UNK,0,0,0,0,0,0
6/21/2023,ABY,20-15,20,15,6.1,4.6,MB,CORE,10&20,6.3,0,0,0,0,10,70,20,0,A,A,A,UNK,0,0,0,0,0,0
6/21/2023,ABY,15-10,15,10,4.6,3.0,MB,CORE,10&20,6.3,0,0,0,0,10,80,10,0,A,A,A,UNK,0,0,0,0,0,0
6/21/2023,ABY,10-5,10,5,3.0,1.5,MB,CORE,10&20,6.3,0,0,0,0,10,80,10,0,A,A,A,UNK,0,0,0,0,0,0
6/21/2023,ABY,5-0,5,3,1.5,0.9,MB,CORE,10&20,6.3,0,60,20,10,5,5,0,0,A,A,A,UNK,0,0,0,0,0,0
6/21/2023,ABY,54-50,54,50,16.4,15.2,SAB,CORE,10&20,6.3,1,0,0,0,0,70,29,0,A,A,A,UNK,0,0,0,0,0,0
6/21/2023,ABY,50-45,50,45,15.2,13.7,SAB,CORE,10&20,6.3,1,0,0,0,0,70,29,0,A,A,A,UNK,0,0,0,0,0,0
6/21/2023,ABY,45-40,45,40,13.7,12.2,SAB,CORE,10&20,6.3,0,0,0,0,0,100,0,0,A,A,A,UNK,0,0,0,0,0,0
6/21/2023,ABY,40-35,40,35,12.2,10.6,SAB,CORE,10&20,6.3,0,0,0,0,0,100,0,0,A,A,A,UNK,0,0,0,0,0,0
6/21/2023,ABY,35-30,35,30,10.6,9.1,SAB,CORE,10&20,6.3,0,0,0,0,0,100,0,0,A,A,A,UNK,0,0,0,0,0,0
6/21/2023,ABY,30-25,30,25,9.1,7.6,SAB,CORE,10&20,6.3,0,0,0,0,0,100,0,0,A,A,A,UNK,0,0,0,0,0,0
6/21/2023,ABY,25-20,25,20,7.6,6.1,SAB,CORE,10&20,6.3,0,0,0,0,50,50,0,0,A,A,A,UNK,0,0,0,0,0,0
6/21/2023,ABY,20-15,20,15,6.1,4.6,SAB,CORE,10&20,6.3,0,0,0,0,80,20,0,0,A,A,A,UNK,0,0,0,0,0,0
6/21/2023,ABY,15-10,15,10,4.6,3.0,SAB,CORE,10&20,6.3,5,0,0,0,85,10,0,0,A,A,A,P,0,0,0,0,0,0
6/21/2023,ABY,10-5,10,5,3.0,1.5,SAB,CORE,10&20,6.3,0,20,10,0,70,0,0,0,A,A,A,P,0,0,0,0,0,0
6/21/2023,ABY,5-3,5,3,1.5,0.9,SAB,CORE,10&20,6.3,0,50,20,10,10,10,0,0,A,A,A,P,0,0,0,0,0,0
6/21/2023,ABY,57-55,57,55,17.3,16.7,MB,EXP,12-Jan,6.3,0,0,0,0,0,20,80,0,A,A,A,UNK,0,0,0,0,0,0
6/21/2023,ABY,55-50,55,50,16.7,15.2,MB,EXP,13-Jan,6.3,0,0,0,0,0,20,80,0,A,A,A,UNK,0,0,0,0,0,0
6/21/2023,ABY,50-45,50,45,15.2,13.7,MB,EXP,12-Jan,6.3,0,1,0,0,0,39,60,0,A,A,A,UNK,0,0,0,0,0,0
6/21/2023,ABY,45-40,45,40,13.7,12.2,MB,EXP,12-Jan,6.3,0,0,0,0,20,40,40,0,A,A,A,UNK,0,0,0,0,0,0
6/21/2023,ABY,40-35,40,35,12.2,10.6,MB,EXP,12-Jan,6.3,0,0,0,0,20,40,40,0,A,A,A,UNK,0,0,0,0,0,0
6/21/2023,ABY,35-30,35,30,10.6,9.1,MB,EXP,12-Jan,6.3,0,0,0,0,20,40,40,0,A,A,A,UNK,0,0,0,0,0,0
6/21/2023,ABY,30-25,30,25,9.1,7.6,MB,EXP,12-Jan,6.3,0,0,0,0,10,70,20,0,A,A,A,UNK,0,0,0,0,0,0
6/21/2023,ABY,25-20,25,20,7.6,6.1,MB,EXP,12-Jan,6.3,0,0,0,0,60,30,10,0,A,A,A,UNK,0,0,0,0,0,0
6/21/2023,ABY,20-15,20,15,6.1,4.6,MB,EXP,12-Jan,6.3,0,0,0,0,30,60,10,0,A,A,A,UNK,0,0,0,0,0,0
6/21/2023,ABY,15-10,15,10,4.6,3.0,MB,EXP,12-Jan,6.3,0,0,0,0,40,40,20,0,A,A,A,UNK,0,0,0,0,0,0
6/21/2023,ABY,10-5,10,5,3.0,1.5,MB,EXP,12-Jan,6.3,20,50,10,10,0,10,0,0,A,A,A,P,0,0,0,0,0,0
6/21/2023,ABY,5-3,5,3,1.5,0.9,MB,EXP,12-Jan,6.3,0,30,20,20,25,5,0,0,A,A,A,P,0,0,0,0,0,0
6/21/2023,ABY,57-55,57,55,17.3,16.7,SAB,EXP,12-Jan,6.3,3,0,0,0,0,50,47,0,A,A,A,UNK,0,0,0,0,0,0
6/22/2023,ABY,55-50,55,50,16.7,15.2,SAB,EXP,13-Jan,6.3,3,0,0,0,0,50,47,0,A,A,A,UNK,0,0,0,0,0,0
6/21/2023,ABY,50-45,50,45,15.2,13.7,SAB,EXP,12-Jan,6.3,5,0,0,0,5,50,40,0,A,A,A,UNK,0,0,0,0,0,0
6/21/2023,ABY,45-40,45,40,13.7,12.2,SAB,EXP,12-Jan,6.3,0,0,0,0,10,60,30,0,A,A,A,P,0,0,0,0,0,0
6/21/2023,ABY,40-35,40,35,12.2,10.6,SAB,EXP,12-Jan,6.3,0,0,0,0,10,60,30,0,A,A,A,P,0,0,0,0,0,0
6/21/2023,ABY,35-30,35,30,10.6,9.1,SAB,EXP,12-Jan,6.3,0,0,0,0,10,60,30,0,A,A,A,P,0,0,0,0,0,0
6/21/2023,ABY,30-25,30,25,9.1,7.6,SAB,EXP,12-Jan,6.3,0,0,0,0,10,60,30,0,A,A,A,P,0,0,0,0,0,0
6/21/2023,ABY,25-20,25,20,7.6,6.1,SAB,EXP,12-Jan,6.3,0,0,0,0,10,60,30,0,P,A,A,P,2,0.3,0,0,0,0
6/21/2023,ABY,20-15,20,15,6.1,4.6,SAB,EXP,12-Jan,6.3,0,0,0,0,80,20,0,0,A,A,A,P,0,0,0,0,0,0
6/21/2023,ABY,15-10,15,10,4.6,3.0,SAB,EXP,12-Jan,6.3,0,15,10,5,70,0,0,0,A,A,A,P,0,0,0,0,0,0
6/21/2023,ABY,10-5,10,5,3.0,1.5,SAB,EXP,12-Jan,6.3,0,40,40,5,15,0,0,0,P,A,A,P,2,0.2,0,0,0,0
6/21/2023,ABY,5-3,5,3,1.5,0.9,SAB,EXP,12-Jan,6.3,0,30,30,20,20,0,0,0,A,A,A,P,0,0,0,0,0,0
6/21/2023,NTS,21-20,21,20,6.4,6.1,MB,CORE,10,5.8,25,0,0,0,0,5,0,70,P,A,A,UNK,1,0.01,0,0,0,0
6/21/2023,NTS,21-20,21,20,6.4,6.1,SAB,CORE,10,5.8,50,0,0,0,0,3,0,47,P,A,A,UNK,1,0.01,0,0,0,0
6/21/2023,NTS,31-30,31,30,9.4,9.1,MB,EXP,UNK,5.8,0,0,0,0,0,0,95,5,P,A,A,UNK,1,0.03,0,0,0,0
6/21/2023,NTS,15-10,15,10,4.6,3.0,MB,EXP,UNK,5.8,40,0,0,0,0,5,15,40,P,A,A,UNK,5,0.2,0,0,0,0
6/21/2023,NTS,10-5,10,5,3.0,1.5,MB,EXP,UNK,5.8,10,0,0,0,0,10,20,60,P,A,A,UNK,25,0.2,0,0,0,0
6/22/2023,NTS,5-4,5,4,1.5,1.2,MB,EXP,UNK,5.8,10,0,0,0,0,10,20,60,P,A,A,UNK,25,0.2,0,0,0,0
6/21/2023,NTS,31-30,31,30,9.4,9.1,SAB,EXP,UNK,5.8,25,0,0,0,0,0,5,70,P,A,A,UNK,5,0.05,0,0,0,0
6/21/2023,NTS,15-10,15,10,4.6,3.0,SAB,EXP,UNK,5.8,0,35,0,0,0,5,0,60,P,A,A,UNK,5,0.3,0,0,0,0
6/21/2023,NTS,10-5,10,5,3.0,1.5,SAB,EXP,UNK,5.8,20,0,0,0,0,10,0,70,P,A,A,UNK,5,0.5,0,0,0,0
6/22/2023,NTS,5-4,5,4,1.5,1.2,SAB,EXP,UNK,5.8,20,0,0,0,0,10,0,70,P,A,A,UNK,5,0.5,0,0,0,0
6/21/2023,PLQ,21-20,21,20,6.4,6.1,LK,CORE,10,5.5,0,0,0,0,0,0,100,0,P,A,A,UNK,40,0.5,0,0,0,0
6/21/2023,PLQ,20-16,20,16,6.1,4.9,LK,CORE,10,5.5,0,0,0,0,0,0,60,40,P,A,A,UNK,25,0.2,0,0,0,0
6/21/2023,PLQ,21-20,21,20,6.4,6.1,MB,CORE,10,5.5,0,0,0,0,0,0,100,0,P,A,A,UNK,15,0.33,0,0,0,0
6/21/2023,PLQ,20-16,20,16,6.1,4.9,MB,CORE,10,5.5,0,0,0,0,0,0,100,0,P,A,A,UNK,15,0.33,0,0,0,0
6/21/2023,PLQ,65-60,65,60,19.8,18.2,"LK, SAB",EXP,10-Dec,5.5,10,0,0,0,0,0,90,0,A,A,A,UNK,0,0,0,0,0,0
6/21/2023,PLQ,60-55,60,55,18.2,16.7,"LK, SAB",EXP,11-Dec,5.5,5,0,0,0,0,0,95,0,A,A,A,UNK,0,0,0,0,0,0
6/21/2023,PLQ,38-35,38,35,11.6,10.6,MB,EXP,2-Jul,5.5,0,0,0,0,0,0,100,0,P,A,A,UNK,5,0.1,0,0,0,0
6/21/2023,PLQ,35-30,35,30,10.6,9.1,MB,EXP,2-Jul,5.5,0,0,0,0,0,0,100,0,P,A,A,UNK,20,0.25,0,0,0,0
6/21/2023,PLQ,30-25,30,25,9.1,7.6,MB,EXP,2-Jul,5.5,0,0,0,0,0,10,90,0,P,A,A,UNK,45,0.25,0,0,0,0
6/21/2023,PLQ,25-20,25,20,7.6,6.1,MB,EXP,2-Jul,5.5,0,0,0,0,0,20,80,0,P,A,A,UNK,40,0.25,0,0,0,0
6/21/2023,PLQ,20-15,20,15,6.1,4.6,MB,EXP,2-Jul,5.5,0,0,0,0,0,20,80,0,P,A,A,UNK,40,0.5,0,0,0,0
6/21/2023,PLQ,15-10,15,10,4.6,3.0,MB,EXP,2-Jul,5.5,0,0,0,0,0,50,50,0,P,A,A,UNK,50,0.5,0,0,0,0
6/21/2023,PLQ,10-5,10,5,3.0,1.5,MB,EXP,2-Jul,5.5,60,0,0,0,0,20,20,0,P,A,A,UNK,10,0.03,0,0,0,0
6/21/2023,PLQ,38-35,38,35,11.6,10.6,SAB,EXP,2-Jul,5.5,1,0,0,0,0,50,49,0,A,A,A,P,0,0,0,0,0,0
6/21/2023,PLQ,35-30,35,30,10.6,9.1,SAB,EXP,2-Jul,5.5,0,0,0,0,0,50,50,0,P,A,A,P,1,0.1,0,0,0,0
6/21/2023,PLQ,30-25,30,25,9.1,7.6,SAB,EXP,2-Jul,5.5,0,0,0,0,0,50,50,0,P,A,A,P,2,0.1,0,0,0,0
6/21/2023,PLQ,25-20,25,20,7.6,6.1,SAB,EXP,2-Jul,5.5,0,0,0,0,0,50,50,0,P,A,A,P,2,0.1,0,0,0,0
6/21/2023,PLQ,20-15,20,15,6.1,4.6,SAB,EXP,2-Jul,5.5,5,0,0,0,0,95,0,0,A,P,A,P,80,1,0,0,0,0
6/21/2023,PLQ,15-10,15,10,4.6,3.0,SAB,EXP,2-Jul,5.5,5,0,0,0,0,95,0,0,A,P,A,P,80,1,0,0,0,0
6/21/2023,PLQ,10-5,10,5,3.0,1.5,SAB,EXP,2-Jul,5.5,60,0,0,0,0,40,0,0,P,A,A,P,50,0.05,0,0,0,0
6/21/2023,PLQ,70-65,70,65,21.3,19.8,"LK, SAB",EXP,9-Dec,5.5,5,0,0,0,0,0,95,0,A,A,A,UNK,0,0,0,0,0,0
6/22/2023,BLH,17-15,17,15,5.2,4.6,SAB,CORE,10,3,0,0,0,0,0,50,50,0,P,A,A,UNK,50,0.5,0,0,0,0
6/22/2023,BLH,15-12,15,12,4.6,3.6,SAB,CORE,10,3,0,0,0,0,0,80,20,0,P,A,A,UNK,1,0.1,0,0,0,0
6/22/2023,BLH,20-15,20,15,6.1,4.6,SAB,EXP,3-Jan,3,0,0,0,0,0,80,20,0,P,A,A,UNK,30,0.3,0,0,0,0
6/22/2023,BLH,15-10,15,10,4.6,3.0,SAB,EXP,3-Jan,3,0,0,0,0,0,80,20,0,P,A,A,UNK,1,0.1,0,0,0,0
6/22/2023,BLH,10-5,10,5,3.0,1.5,SAB,EXP,3-Jan,3,0,0,0,0,0,100,0,0,P,A,A,UNK,10,0.3,0,0,0,0
6/22/2023,BLH,5-3,5,3,1.5,0.9,SAB,EXP,3-Jan,3,0,0,1,0,0,99,0,0,A,A,A,UNK,0,0,0,0,0,0
6/22/2023,BLH2,13-10,13,10,4.0,3.0,LK,CORE,10,3,0,0,0,0,0,80,20,0,P,A,A,UNK,10,0.3,0,0,0,0
6/22/2023,BLH2,10-8,10,8,3.0,2.4,LK,CORE,10,3,0,0,0,0,0,80,20,0,P,A,A,UNK,1,0.1,0,0,0,0
6/22/2023,BLH2,20-15,20,15,6.1,4.6,LK,EXP,3-Jan,3,0,0,0,0,15,70,15,0,P,A,A,UNK,20,0.7,0,0,0,0
6/22/2023,BLH2,15-10,15,10,4.6,3.0,LK,EXP,3-Jan,3,0,0,0,0,10,75,15,0,P,A,A,UNK,10,0.5,0,0,0,0
6/22/2023,BLH2,10-5,10,5,3.0,1.5,LK,EXP,3-Jan,3,0,0,0,0,0,100,0,0,P,A,A,UNK,0,0,0,0,0,0
6/22/2023,BLH2,5-3,5,3,1.5,0.9,LK,EXP,3-Jan,3,0,0,0,0,0,100,0,0,P,A,A,UNK,5,0.03,0,0,0,0
6/22/2023,PYR,20-15,20,15,6.1,4.6,LK,CORE,10,6.3,0,0,0,0,0,90,10,0,P,A,A,UNK,5,0.1,0,0,0,0
6/22/2023,PYR,20-15,20,15,6.1,4.6,SAB,CORE,10,3,0,15,0,0,0,85,0,0,P,A,A,UNK,10,0.5,0,0,0,0
6/22/2023,PYR,40-35,40,35,12.2,10.6,LK,EXP,UNK,6.3,0,0,0,0,0,0,100,0,P,A,A,UNK,1,0.3,0,0,0,0
6/22/2023,PYR,35-30,35,30,10.6,9.1,LK,EXP,UNK,6.3,0,0,0,0,0,0,100,0,P,A,A,UNK,1,0.1,0,0,0,0
6/22/2023,PYR,30-25,30,25,9.1,7.6,LK,EXP,UNK,6.3,0,0,0,0,0,20,80,0,P,A,A,UNK,1,0.1,0,0,0,0
6/22/2023,PYR,25-20,25,20,7.6,6.1,LK,EXP,UNK,6.3,0,0,0,0,0,30,70,0,P,A,A,UNK,10,0.3,0,0,0,0
6/22/2023,PYR,20-15,20,15,6.1,4.6,LK,EXP,UNK,6.3,0,0,0,0,0,30,70,0,P,A,A,UNK,15,0.5,0,0,0,0
6/22/2023,PYR,15-10,15,10,4.6,3.0,LK,EXP,UNK,6.3,0,0,0,0,0,60,40,0,P,A,A,UNK,50,0.3,0,0,0,0
6/22/2023,PYR,10-5,10,5,3.0,1.5,LK,EXP,UNK,6.3,0,0,0,0,0,80,20,0,P,A,A,UNK,60,0.1,0,0,0,0
6/22/2023,PYR,5-3,5,3,1.5,0.9,LK,EXP,UNK,6.3,0,80,20,0,0,0,0,0,P,A,A,UNK,0,0,0,0,0,0
6/22/2023,PYR,40-35,40,35,12.2,10.6,SAB,EXP,UNK,3,0,1,0,0,0,0,99,0,P,A,A,UNK,1,0.3,0,0,0,0
6/22/2023,PYR,35-30,35,30,10.6,9.1,SAB,EXP,UNK,3,0,1,0,0,0,0,99,0,P,A,A,UNK,1,0.3,0,0,0,0
6/22/2023,PYR,30-25,30,25,9.1,7.6,SAB,EXP,UNK,3,0,1,0,0,0,0,99,0,P,A,A,UNK,1,0.3,0,0,0,0
6/22/2023,PYR,25-20,25,20,7.6,6.1,SAB,EXP,UNK,3,0,1,0,0,0,0,99,0,P,A,A,UNK,5,0.5,0,0,0,0
6/22/2023,PYR,20-15,20,15,6.1,4.6,SAB,EXP,UNK,3,0,1,0,0,0,0,99,0,A,P,A,UNK,50,1,0,0,0,0
6/22/2023,PYR,15-10,15,10,4.6,3.0,SAB,EXP,UNK,3,0,0,0,0,0,30,70,0,A,P,A,UNK,50,1,0,0,0,0
6/22/2023,PYR,10-5,10,5,3.0,1.5,SAB,EXP,UNK,3,0,1,0,0,0,99,0,0,P,A,A,UNK,90,0.05,0,0,0,0
6/22/2023,PYR,5-3,5,3,1.5,0.9,SAB,EXP,UNK,3,0,20,20,10,0,50,0,0,A,A,A,UNK,0,0,0,0,0,0
6/22/2023,TAM,33-30,33,30,10.0,9.1,LK,CORE,10,3,0,0,0,0,0,20,80,0,P,A,A,UNK,0,0,0,0,0,0
6/22/2023,TAM,30-25,30,25,9.1,7.6,LK,CORE,10,3,0,0,0,0,0,20,80,0,P,A,A,UNK,5,0.5,0,0,0,0
6/22/2023,TAM,25-20,25,20,7.6,6.1,LK,CORE,10,3,0,0,0,0,0,10,90,0,P,A,A,UNK,20,0.7,0,0,0,0
6/22/2023,TAM,20-15,20,15,6.1,4.6,LK,CORE,10,3,0,0,0,0,0,50,50,0,P,A,A,UNK,5,0.1,0,0,0,0
6/22/2023,TAM,33-30,33,30,10.0,9.1,SAB,CORE,10,3,0,0,0,0,0,0,100,0,A,A,A,UNK,0,0,0,0,0,0
6/22/2023,TAM,30-25,30,25,9.1,7.6,SAB,CORE,10,3,0,0,0,0,0,0,100,0,P,A,A,UNK,1,0.4,0,0,0,0
6/22/2023,TAM,25-20,25,20,7.6,6.1,SAB,CORE,10,3,0,0,0,0,0,0,100,0,A,A,A,UNK,0,0,0,0,0,0
6/22/2023,TAM,20-15,20,15,6.1,4.6,SAB,CORE,10,3,0,0,0,0,0,0,100,0,A,P,A,UNK,30,1,0,0,0,0
6/22/2023,TAM,15-13,15,13,4.6,4.0,SAB,CORE,10,3,0,0,0,0,0,20,80,0,P,A,A,UNK,30,0.4,0,0,0,0
6/22/2023,TAM,35-30,35,30,10.6,9.1,LK,EXP,UNK,3,0,0,0,0,10,85,5,0,P,A,A,UNK,0,0,0,0,0,0
6/22/2023,TAM,30-25,30,25,9.1,7.6,LK,EXP,UNK,3,0,0,0,0,10,85,5,0,P,A,A,UNK,0,0,0,0,0,0
6/22/2023,TAM,25-20,25,20,7.6,6.1,LK,EXP,UNK,3,0,0,0,0,0,90,10,0,P,A,A,UNK,15,0.3,0,0,0,0
6/22/2023,TAM,20-15,20,15,6.1,4.6,LK,EXP,UNK,3,0,0,0,0,5,85,10,0,P,A,A,UNK,15,0.6,0,0,0,0
6/22/2023,TAM,15-10,15,10,4.6,3.0,LK,EXP,UNK,3,0,0,0,0,5,95,0,0,P,A,A,UNK,5,0.03,0,0,0,0
6/22/2023,TAM,10-5,10,5,3.0,1.5,LK,EXP,UNK,3,0,0,0,5,10,85,0,0,P,A,A,UNK,0,0,0,0,0,0
6/22/2023,TAM,5-3,5,3,1.5,0.9,LK,EXP,UNK,3,5,0,10,0,10,75,0,0,P,A,A,UNK,0,0,0,0,0,0
6/22/2023,TAM,35-30,35,30,10.6,9.1,SAB,EXP,UNK,3,0,0,0,0,0,60,40,0,A,A,A,UNK,0,0,0,0,0,0
6/22/2023,TAM,30-25,30,25,9.1,7.6,SAB,EXP,UNK,3,0,0,0,0,0,60,40,0,P,A,A,UNK,1,0.4,0,0,0,0
6/22/2023,TAM,25-20,25,20,7.6,6.1,SAB,EXP,UNK,3,0,0,0,0,0,60,40,0,A,P,A,UNK,30,1,0,0,0,0
6/22/2023,TAM,20-15,20,15,6.1,4.6,SAB,EXP,UNK,3,0,0,0,0,0,100,0,0,A,P,A,UNK,20,1,0,0,0,0
6/22/2023,TAM,15-10,15,10,4.6,3.0,SAB,EXP,UNK,3,0,0,0,5,0,95,0,0,P,A,A,UNK,5,0.1,0,0,0,0
6/22/2023,TAM,10-5,10,5,3.0,1.5,SAB,EXP,UNK,3,0,0,0,5,0,95,0,0,A,A,A,UNK,0,0,0,0,0,0
6/22/2023,TAM,5-3,5,3,1.5,0.9,SAB,EXP,UNK,3,0,0,20,20,30,30,0,0,A,A,A,UNK,0,0,0,0,0,0
6/22/2023,PYR,17-15,17,15,5.2,4.6,LK,CORE,10,6.3,25,0,0,0,0,70,5,0,P,A,A,UNK,5,0.1,0,0,0,0
7/7/2023,PEP2,45-40,45,40,13.7,12.2,LK,EXP,"10-12, 7, 11",4.8,10,0,0,0,0,0,90,0,A,A,A,UNK,0,0,0,0,0,0
7/7/2023,PEP2,40-35,40,35,12.2,10.6,LK,EXP,"10-12, 7, 12",4.8,5,0,0,0,0,5,85,0,A,A,A,UNK,1,0,0,0,0,0
7/7/2023,PEP2,35-30,35,30,10.6,9.1,LK,EXP,"10-12, 7, 13",4.8,5,0,0,0,0,15,80,0,P,A,A,UNK,5,0,0.15,0.15,0.3,0.3
7/7/2023,PEP2,30-25,30,25,9.1,7.6,LK,EXP,"10-12, 7, 14",4.8,0,0,0,0,0,30,70,0,P,A,A,UNK,15,0.1,0.1,0.1,0.3,0.3
7/7/2023,PEP2,25-20,25,20,7.6,6.1,LK,EXP,"10-12, 7, 15",4.8,0,0,0,0,0,85,15,0,P,A,A,UNK,10,0.3,0.3,0.1,0.1,0.5
7/7/2023,PEP2,20-15,20,15,6.1,4.6,LK,EXP,"10-12, 7, 16",4.8,0,0,0,0,5,95,0,0,P,A,A,UNK,50,0.1,0.1,0.1,0.1,0.3
7/7/2023,PEP2,15-10,15,10,4.6,3.0,LK,EXP,"10-12, 7, 17",4.8,0,95,0,0,5,0,0,0,P,A,A,P,0,0,0,0,0,0
7/7/2023,PEP2,55-50,55,50,16.7,15.2,LK,EXP,"10-12, 7, 9",4.8,10,0,0,0,0,0,90,0,A,A,A,UNK,0,0,0,0,0,0
7/7/2023,PEP2,50-45,50,45,15.2,13.7,LK,EXP,"10-12, 7, 10",4.8,10,0,0,0,0,0,90,0,A,A,A,UNK,0,0,0,0,0,0
7/7/2023,PEP2,45-40,45,40,13.7,12.2,SB,EXP,"10-12,7,11",4.8,10,0,0,0,0,0,90,0,A,A,A,UNK,0,0,0,0,0,0
7/7/2023,PEP2,40-35,40,35,12.2,10.6,SB,EXP,"10-12,7,12",4.8,0,0,0,0,0,10,90,0,P,A,A,UNK,5,0.3,0.3,0.3,0.2,0.1
7/7/2023,PEP2,35-30,35,30,10.6,9.1,SB,EXP,"10-12,7,13",4.8,0,0,0,0,0,8,90,2,P,P,A,UNK,20,0.1,0.3,0.5,1,0.2
7/7/2023,PEP2,30-25,30,25,9.1,7.6,SB,EXP,"10-12,7,14",4.8,0,0,0,0,0,40,60,0,P,A,A,UNK,20,0.1,0.1,0.1,0.3,0.3
7/7/2023,PEP2,25-20,25,20,7.6,6.1,SB,EXP,"10-12,7,15",4.8,0,5,0,0,0,95,0,0,P,A,A,UNK,5,0.1,0.1,0.1,0.1,0.1
7/7/2023,PEP2,20-15,20,15,6.1,4.6,SB,EXP,"10-12,7,16",4.8,0,20,10,0,0,70,0,0,P,A,A,UNK,50,0.1,0.1,0.1,0.3,0.5
7/7/2023,PEP2,15-10,15,10,4.6,3.0,SB,EXP,"10-12,7,17",4.8,0,50,20,15,0,15,0,0,A,A,A,P,0,0,0,0,0,0
7/7/2023,PEP2,10-5,10,5,3.0,1.5,SB,EXP,"10-12,7,18",4.8,0,0,0,0,0,0,0,0,A,A,A,P,0,0,0,0,0,0
7/7/2023,PEP2,55-50,55,50,16.7,15.2,SB,EXP,"10-12,7,9",4.8,10,0,0,0,0,0,90,0,A,A,A,UNK,0,0,0,0,0,0
7/7/2023,PEP2,50-45,50,45,15.2,13.7,SB,EXP,"10-12,7,10",4.8,10,0,0,0,0,0,90,0,A,A,A,UNK,0,0,0,0,0,0
7/7/2023,PEP2,35-30,35,30,10.6,9.1,PB,CORE,10 & 20,4.8,0,0,0,0,0,0,100,0,P,A,A,UNK,10,0.1,0.1,0.1,0.2,0.2
7/7/2023,PEP2,30-25,30,25,9.1,7.6,PB,CORE,10 & 20,4.8,0,0,0,0,0,0,100,0,P,A,A,UNK,5,0.1,0.1,0.1,0.2,0.2
7/7/2023,PEP2,25-20,25,20,7.6,6.1,PB,CORE,10 & 20,4.8,0,0,0,0,0,0,100,0,P,A,A,UNK,1,0.1,0.1,0.1,0.1,0.2
7/7/2023,PEP2,20-15,20,15,6.1,4.6,PB,CORE,10 & 20,4.8,10,0,0,0,0,0,90,0,P,A,A,UNK,20,0.3,0.3,0.3,0.3,0.3
7/7/2023,PEP2,15-10,15,10,4.6,3.0,PB,CORE,10 & 20,4.8,0,0,0,0,0,0,100,0,P,A,A,UNK,15,0.1,0.1,0.1,0.3,0.3
7/7/2023,PEP2,10-5,10,5,3.0,1.5,PB,CORE,10 & 20,4.8,0,0,0,0,0,0,100,0,P,A,A,P,50,0.1,0.1,0.1,0.1,0.2
7/7/2023,PEP2,5-2,5,2,1.5,0.6,PB,CORE,10 & 20,4.8,0,0,100,0,0,0,0,0,A,A,A,P,0,0,0,0,0,0
7/7/2023,PEP2,48-45,48,45,14.6,13.7,PB,CORE,10 & 20,4.8,0,0,0,0,0,20,80,0,P,A,A,UNK,40,0.3,0.3,0.3,0.3,0.3
7/7/2023,PEP2,45-40,45,40,13.7,12.2,PB,CORE,10&20,4.8,0,0,0,0,0,20,80,0,P,A,A,UNK,40,0.3,0.3,0.3,0.3,0.3
7/7/2023,PEP2,40-35,40,35,12.2,10.6,PB,CORE,10 & 20,4.8,0,0,0,0,0,20,80,0,P,A,A,UNK,30,0.1,0.1,0.1,0.2,0.2
7/7/2023,PEP2,48-45,48,45,14.6,13.7,RAL,CORE,10 & 20,4.8,0,0,0,0,0,0,0,100,P,A,A,UNK,40,0.1,0.1,0.1,0.1,0.1
7/8/2023,PEP3,45-40,45,40,13.7,12.2,RAL,CORE,10&20,4.8,0,0,0,0,0,0,0,100,P,A,A,UNK,40,0.1,0.1,0.1,0.1,0.1
7/7/2023,PEP2,40-35,40,35,12.2,10.6,RAL,CORE,10 & 20,4.8,0,0,0,0,0,0,0,100,P,A,A,UNK,20,0.1,0.1,0.1,0.1,0.2
7/7/2023,PEP2,35-30,35,30,10.6,9.1,RAL,CORE,10 & 20,4.8,0,0,0,0,0,0,0,100,P,A,A,UNK,10,0.1,0.1,0.4,0.2,0.2
7/7/2023,PEP2,30-25,30,25,9.1,7.6,RAL,CORE,10 & 20,4.8,0,0,0,0,0,0,0,100,P,A,A,UNK,3,0.1,0.1,0.1,0.11,0.3
7/7/2023,PEP2,25-20,25,20,7.6,6.1,RAL,CORE,10 & 20,4.8,0,0,0,0,0,0,0,100,P,P,A,UNK,1,0.1,0.3,0.3,0.3,0.8
7/7/2023,PEP2,20-15,20,15,6.1,4.6,RAL,CORE,10 & 20,4.8,2,0,0,0,0,0,0,98,P,P,A,UNK,15,0.1,0.3,0.3,0.3,0.8
7/7/2023,PEP2,15-10,15,10,4.6,3.0,RAL,CORE,10 & 20,4.8,0,0,0,0,0,0,0,100,P,A,A,UNK,10,0.1,0.3,0.3,0.5,0.5
7/7/2023,PEP2,10-5,10,5,3.0,1.5,RAL,CORE,10 & 20,4.8,0,0,0,0,0,0,0,100,P,P,A,UNK,10,0.1,0.1,0.1,0.3,1
7/7/2023,PEP2,5-2,5,2,1.5,0.6,RAL,CORE,10 & 20,4.8,0,0,100,0,0,0,0,0,A,A,A,P,0,0,0,0,0,0
7/7/2023,PEP2,25-20,25,20,7.6,6.1,LK,EXP,1 to 8,4.8,0,0,0,0,0,10,90,0,A,A,A,UNK,0,0,0,0,0,0
7/7/2023,PEP2,20-15,20,15,6.1,4.6,LK,EXP,1 to 8,4.8,0,0,0,0,0,15,85,0,P,A,A,UNK,5,0.1,0.1,0.1,0.3,0.3
7/7/2023,PEP2,15-10,15,10,4.6,3.0,LK,EXP,1 to 8,4.8,0,0,0,0,0,80,20,0,P,A,A,UNK,25,0.1,0.1,0.1,0.3,0.3
7/7/2023,PEP2,10-5,10,5,3.0,1.5,LK,EXP,1 to 8,4.8,0,0,0,0,50,50,0,0,P,P,A,UNK,40,1,1,0.3,0.3,0.5
7/7/2023,PEP2,5-0,5,0,1.5,0.0,LK,EXP,1 to 8,4.8,0,90,5,5,0,0,0,0,A,A,A,UNK,0,0,0,0,0,0
7/7/2023,PEP2,35-30,35,30,10.6,9.1,LK,EXP,1 to 8,4.8,0,0,0,0,0,0,100,0,A,A,A,UNK,0,0,0,0,0,0
7/7/2023,PEP2,30-25,30,25,9.1,7.6,LK,EXP,1 to 8,4.8,0,0,0,0,0,0,100,0,A,A,A,UNK,0,0,0,0,0,0
7/7/2023,PEP2,25-20,25,20,7.6,6.1,SAB,EXP,1 to 8,4.8,0,20,0,0,0,20,60,0,P,P,A,UNK,40,0.1,0.3,0.3,1,1
7/7/2023,PEP2,20-15,20,15,6.1,4.6,SAB,EXP,1 to 8,4.8,0,10,0,0,0,70,20,0,P,P,A,UNK,50,0.3,0.3,0.5,1,1
7/7/2023,PEP2,15-10,15,10,4.6,3.0,SAB,EXP,1 to 8,4.8,0,20,0,0,20,60,0,0,P,P,A,P,60,0.1,0.2,0.3,0.5,1
7/7/2023,PEP2,10-5,10,5,3.0,1.5,SAB,EXP,1 to 8,4.8,0,30,10,10,10,40,0,0,A,A,A,P,0,0,0,0,0,0
7/7/2023,PEP2,5-0,5,0,1.5,0.0,SAB,EXP,1 to 8,4.8,0,50,20,10,10,10,0,0,A,A,A,P,0,0,0,0,0,0
7/7/2023,PEP2,35-30,35,30,10.6,9.1,SAB,EXP,1 to 8,4.8,0,0,0,0,0,0,100,0,P,A,A,UNK,1,0.1,0,0,0,0
7/7/2023,PEP2,30-25,30,25,9.1,7.6,SAB,EXP,1 to 8,4.8,0,5,0,0,0,0,95,0,P,A,A,UNK,1,0.1,0,0,0,0
7/7/2023,PLQ2,30-25,30,25,9.1,7.6,RAL,EXP,1 to 9,4.8,0,0,0,0,0,0,0,100,P,A,A,UNK,8,0.1,0.1,0.1,0.3,0.3
7/7/2023,PLQ2,25-20,25,20,7.6,6.1,RAL,EXP,1 to 9,4.8,0,0,0,0,0,0,0,100,P,A,A,UNK,15,0.1,0.1,0.1,0.1,0.1
7/7/2023,PLQ2,20-15,20,15,6.1,4.6,RAL,EXP,1 to 9,4.8,0,0,0,0,0,0,0,100,P,A,A,UNK,80,0.1,0.1,0.5,0.5,0.1
7/7/2023,PLQ2,15-10,15,10,4.6,3.0,RAL,EXP,1 to 9,4.8,0,0,0,0,0,0,0,100,P,A,A,UNK,35,0.1,0.2,0.2,0.5,0.1
7/7/2023,PLQ2,10-5,10,5,3.0,1.5,RAL,EXP,1 to 9,4.8,1,0,0,0,0,0,0,99,P,P,A,UNK,60,0.1,0.1,0.1,0.8,0.1
7/7/2023,PLQ2,5-2,5,2,1.5,0.6,RAL,EXP,1 to 9,4.8,2,0,0,0,0,60,0,38,P,A,A,UNK,58,0.1,0.1,0.1,0.1,0.1
7/7/2023,PLQ2,40-35,40,35,12.2,10.6,RAL,EXP,1 to 9,4.8,0,0,0,0,0,0,0,100,P,A,A,UNK,10,0.1,0.1,0.1,0.1,0.1
7/7/2023,PLQ2,35-30,35,30,10.6,9.1,RAL,EXP,1 to 9,4.8,0,0,0,0,0,0,0,100,P,A,A,UNK,20,0.1,0.1,0.1,0.1,0.1
7/7/2023,PLQ2,30-25,30,25,9.1,7.6,PB,EXP,1 to 9,4.8,0,0,0,0,0,0,0,100,P,A,A,UNK,25,0.3,0.3,0.3,0.3,0.3
7/7/2023,PLQ2,25-20,25,20,7.6,6.1,PB,EXP,1 to 9,4.8,0,0,0,0,0,0,0,100,P,A,A,UNK,15,0.2,0.3,0.3,0.3,0.5
7/7/2023,PLQ2,20-15,20,15,6.1,4.6,PB,EXP,1 to 9,4.8,0,0,0,0,0,0,0,100,P,A,A,UNK,40,0.4,0.3,0.3,0.3,0.3
7/7/2023,PLQ2,15-10,15,10,4.6,3.0,PB,EXP,1 to 9,4.8,0,0,0,0,0,0,0,100,P,A,A,P,90,0.4,0.4,0.4,0.4,0.4
7/7/2023,PLQ2,40-35,40,35,12.2,10.6,PB,EXP,1 to 9,4.8,0,0,0,0,0,0,0,100,P,A,A,UNK,20,0.4,0.4,0.4,0.4,0.4
7/7/2023,PLQ2,35-30,35,30,10.6,9.1,PB,EXP,1 to 9,4.8,0,0,0,0,0,0,0,100,P,A,A,UNK,10,0.3,0.3,0.3,0.3,0.3
7/7/2023,PLQ2,45-40,45,40,13.7,12.2,LK,CORE,10 & 20,4.8,0,0,0,0,0,0,100,0,A,A,A,UNK,0,0,0,0,0,0
7/7/2023,PLQ2,40-35,40,35,12.2,10.6,LK,CORE,10 & 20,4.8,0,0,0,0,0,0,100,0,A,A,A,UNK,0,0,0,0,0,0
7/7/2023,PLQ2,35-30,35,30,10.6,9.1,LK,CORE,10 & 20,4.8,0,0,0,0,0,0,100,0,P,A,A,UNK,30,0.5,0.5,0.3,0.3,0.1
7/7/2023,PLQ2,30-25,30,25,9.1,7.6,LK,CORE,10 & 20,4.8,0,0,0,0,0,0,100,0,P,P,A,UNK,50,1,1,1,0.5,0.1
7/7/2023,PLQ2,25-20,25,20,7.6,6.1,LK,CORE,10 & 20,4.8,0,0,0,0,0,20,80,0,P,A,A,UNK,5,0.1,0.1,0.1,0.2,0.2
7/7/2023,PLQ2,20-15,20,15,6.1,4.6,LK,CORE,10 & 20,4.8,0,0,0,0,0,20,80,0,P,A,A,P,5,0.1,0.1,0.1,0.2,0.2
7/7/2023,PLQ2,15-10,15,10,4.6,3.0,LK,CORE,10 & 20,4.8,0,0,0,0,0,20,80,0,P,P,A,P,5,1,1,1,0.5,0.5
7/7/2023,PLQ2,10-5,10,5,3.0,1.5,LK,CORE,10 & 20,4.8,0,0,0,0,0,20,80,0,P,A,A,UNK,5,0.1,0.1,0.1,0.1,0.1
7/7/2023,PLQ2,5-1,5,1,1.5,0.3,LK,CORE,10 & 20,4.8,0,0,0,0,0,80,20,0,P,A,A,UNK,10,0.1,0.1,0.1,0.1,0.1
7/7/2023,PLQ2,55-50,55,50,16.7,15.2,LK,CORE,10 & 20,4.8,0,0,0,0,0,0,100,0,A,A,A,UNK,0,0,0,0,0,0
7/7/2023,PLQ2,50-45,50,45,15.2,13.7,LK,CORE,10 & 20,4.8,0,0,0,0,0,0,100,0,A,A,A,UNK,0,0,0,0,0,0
7/7/2023,PLQ2,45-40,45,40,13.7,12.2,SAB,CORE,10 & 20,4.8,0,0,0,0,0,0,100,0,A,A,A,UNK,0,0,0,0,0,0
7/7/2023,PLQ2,40-35,40,35,12.2,10.6,SAB,CORE,10 & 20,4.8,0,0,0,0,0,0,100,0,P,A,A,UNK,1,0.1,0,0,0,0
7/7/2023,PLQ2,35-30,35,30,10.6,9.1,SAB,CORE,10 & 20,4.8,0,0,0,0,0,0,100,0,P,A,A,UNK,40,0.1,0.1,0.1,0.2,0.2
7/7/2023,PLQ2,30-25,30,25,9.1,7.6,SAB,CORE,10 & 20,4.8,0,0,0,0,0,0,100,0,P,P,A,UNK,50,0.1,0.1,0.3,0.3,1
7/7/2023,PLQ2,25-20,25,20,7.6,6.1,SAB,CORE,10 & 20,4.8,0,0,0,0,0,0,100,0,P,P,A,UNK,50,0.1,0.1,0.3,0.3,1
7/7/2023,PLQ2,20-15,20,15,6.1,4.6,SAB,CORE,10 & 20,4.8,0,0,0,0,0,0,100,0,P,P,A,UNK,90,1,1,1,0.5,0.2
7/7/2023,PLQ2,15-10,15,10,4.6,3.0,SAB,CORE,10 & 20,4.8,0,5,0,0,0,50,40,5,P,A,A,UNK,80,0.1,0.1,0.5,0.5,0.3
7/7/2023,PLQ2,10-5,10,5,3.0,1.5,SAB,CORE,10 & 20,4.8,0,5,0,0,0,70,25,0,P,A,A,UNK,50,0.05,0.05,0.05,0.5,0.2
7/7/2023,PLQ2,5-1,5,1,1.5,0.3,SAB,CORE,10 & 20,4.8,0,0,0,0,0,100,0,0,P,A,A,UNK,20,0.1,0.1,0.1,0.1,0.2
7/7/2023,PLQ2,55-50,55,50,16.7,15.2,SAB,CORE,10 & 20,4.8,0,0,0,0,0,0,100,0,A,A,A,P,0,0,0,0,0,0
7/7/2023,PLQ2,50-45,50,45,15.2,13.7,SAB,CORE,10 & 20,4.8,0,2,0,0,0,0,98,0,A,A,A,P,0,0,0,0,0,0
7/7/2023,HEK,50-45,50,45,15.2,13.7,LK,CORE,10 & 20,5.3,0,0,0,0,0,20,80,0,A,A,A,UNK,0,0,0,0,0,0
7/7/2023,HEK,45-40,45,40,13.7,12.2,LK,CORE,10 & 20,5.3,0,0,0,0,20,20,60,0,A,A,A,UNK,0,0,0,0,0,0
7/7/2023,HEK,40-35,40,35,12.2,10.6,LK,CORE,10 & 20,5.3,0,0,0,0,20,20,60,0,A,A,A,UNK,0,0,0,0,0,0
7/7/2023,HEK,35-30,35,30,10.6,9.1,LK,CORE,10 & 20,5.3,0,0,0,0,20,70,10,0,A,A,A,UNK,0,0,0,0,0,0
7/7/2023,HEK,30-25,30,25,9.1,7.6,LK,CORE,10 & 20,5.3,1,0,0,0,50,50,0,0,P,A,A,UNK,1,0.3,0,0,0,0
7/7/2023,HEK,25-20,25,20,7.6,6.1,LK,CORE,10 & 20,5.3,25,0,0,0,40,35,0,0,P,A,A,P,10,0.3,0.3,0.1,0.1,0.1
7/7/2023,HEK,20-15,20,15,6.1,4.6,LK,CORE,10 & 20,5.3,15,0,0,0,35,50,0,0,A,A,A,P,0,0,0,0,0,0
7/7/2023,HEK,15-10,15,10,4.6,3.0,LK,CORE,10 & 20,5.3,100,0,0,0,0,0,0,0,A,A,A,P,0,0,0,0,0,0
7/7/2023,HEK,10-5,10,5,3.0,1.5,LK,CORE,10 & 20,5.3,80,0,0,0,5,15,0,0,A,A,A,P,0,0,0,0,0,0
7/7/2023,HEK,5-0,5,0,1.5,0.0,LK,CORE,10 & 20,5.3,55,20,15,0,10,0,0,0,A,A,A,P,0,0,0,0,0,0
7/7/2023,HEK,60-55,60,55,18.2,16.7,LK,CORE,10 & 20,5.3,0,0,0,0,0,0,100,0,A,A,A,UNK,0,0,0,0,0,0
7/7/2023,HEK,55-50,55,50,16.7,15.2,LK,CORE,10 & 20,5.3,0,0,0,0,0,0,100,0,A,A,A,UNK,0,0,0,0,0,0
7/7/2023,HEK,30-25,30,25,9.1,7.6,RAL,EXP,1 to 9,5.3,90,0,0,0,0,0,10,0,P,A,A,UNK,70,0.1,0.1,0.2,0.2,0.2
7/7/2023,HEK,25-20,25,20,7.6,6.1,RAL,EXP,1 to 9,5.3,90,0,0,0,0,0,10,0,P,A,A,UNK,70,0.1,0.1,0.2,0.2,0.2
7/7/2023,HEK,20-15,20,15,6.1,4.6,RAL,EXP,1 to 9,5.3,30,0,0,0,0,0,70,0,P,A,A,UNK,70,0.1,0.1,0.2,0.2,0.2
7/7/2023,HEK,15-10,15,10,4.6,3.0,RAL,EXP,1 to 9,5.3,0,0,0,0,0,0,100,0,P,A,A,UNK,60,0.1,0.1,0.1,0.2,0.2
7/7/2023,HEK,10-5,10,5,3.0,1.5,RAL,EXP,1 to 9,5.3,70,0,0,0,0,0,30,0,P,A,A,UNK,70,0.1,0.1,0.1,0.2,0.2
7/7/2023,HEK,5-0,5,0,1.5,0.0,RAL,EXP,1 to 9,5.3,60,0,0,0,0,10,30,0,P,A,A,UNK,50,0.1,0.1,0.1,0.3,0.3
7/7/2023,HEK,40-35,40,35,12.2,10.6,RAL,EXP,1 to 9,5.3,80,0,0,0,0,0,20,0,P,A,A,UNK,80,0.1,0.1,0.2,0.2,0.2
7/7/2023,HEK,35-30,35,30,10.6,9.1,RAL,EXP,1 to 9,5.3,90,0,0,0,0,0,10,0,P,A,A,UNK,90,0.1,0.1,0.2,0.2,0.2
7/7/2023,HEK,50-45,50,45,15.2,13.7,SAB,CORE,10 & 20,5.3,0,5,0,0,0,0,95,0,A,A,A,UNK,0,0,0,0,0,0
7/7/2023,HEK,45-40,45,40,13.7,12.2,SAB,CORE,10 & 20,5.3,0,0,0,0,20,80,0,0,A,A,A,UNK,0,0,0,0,0,0
7/7/2023,HEK,40-35,40,35,12.2,10.6,SAB,CORE,10 & 20,5.3,0,0,0,0,20,80,0,0,A,A,A,UNK,0,0,0,0,0,0
7/7/2023,HEK,35-30,35,30,10.6,9.1,SAB,CORE,10 & 20,5.3,0,0,0,0,20,80,0,0,A,A,A,UNK,0,0,0,0,0,0
7/7/2023,HEK,30-25,30,25,9.1,7.6,SAB,CORE,10 & 20,5.3,0,15,15,0,20,50,0,0,A,A,A,P,0,0,0,0,0,0
7/7/2023,HEK,25-20,25,20,7.6,6.1,SAB,CORE,10 & 20,5.3,10,10,10,0,35,35,0,0,P,A,A,P,1,0.5,0,0,0,0
7/7/2023,HEK,20-15,20,15,6.1,4.6,SAB,CORE,10 & 20,5.3,50,15,0,15,0,20,0,0,P,A,A,P,2,0.5,0.5,0.7,0,0
7/7/2023,HEK,15-10,15,10,4.6,3.0,SAB,CORE,10 & 20,5.3,80,0,10,0,10,0,0,0,A,A,A,P,0,0,0,0,0,0
7/7/2023,HEK,10-5,10,5,3.0,1.5,SAB,CORE,10 & 20,5.3,30,30,10,10,10,10,0,0,P,A,A,P,5,0.4,0.4,0.4,0.5,0.5
7/7/2023,HEK,60-55,60,55,18.2,16.7,SAB,CORE,10 & 20,5.3,0,5,0,0,0,0,95,0,A,A,A,UNK,0,0,0,0,0,0
7/7/2023,HEK,55-50,55,50,16.7,15.2,SAB,CORE,10 & 20,5.3,0,5,0,0,0,0,95,0,A,A,A,UNK,0,0,0,0,0,0
7/7/2023,HEK,30-25,30,25,9.1,7.6,PB,EXP,1 to 9,5.3,33,33,0,0,0,33,0,0,P,A,A,UNK,80,0.3,0.3,0.3,0.3,0.3
7/7/2023,HEK,25-20,25,20,7.6,6.1,PB,EXP,1 to 9,5.3,33,33,33,0,0,0,0,0,P,A,A,UNK,90,0.3,0.3,0.3,0.3,0.3
7/7/2023,HEK,20-15,20,15,6.1,4.6,PB,EXP,1 to 9,5.3,25,25,0,0,0,50,0,0,P,A,A,UNK,50,0.3,0.3,0.3,0.3,0.3
7/7/2023,HEK,15-10,15,10,4.6,3.0,PB,EXP,1 to 9,5.3,0,0,0,0,0,50,0,50,P,A,A,UNK,20,0.2,0.2,0.2,0.2,0.2
7/7/2023,HEK,40-35,40,35,12.2,10.6,PB,EXP,1 to 9,5.3,33,33,0,0,0,33,0,0,P,A,A,UNK,8,0.2,0.2,0.2,0.2,0.2
7/7/2023,HEK,35-30,35,30,10.6,9.1,PB,EXP,1 to 9,5.3,50,0,0,0,0,50,0,0,P,A,A,UNK,50,0.2,0.2,0.2,0.2,0.2
7/7/2023,PLQ3,15-10,15,10,4.6,3.0,LK & SB,EXP,6-Jan,4.2,0,0,0,0,0,65,0,35,P,P,P,P,15,0.3,0.3,1,1.5,0.1
7/7/2023,PLQ3,10-5,10,5,3.0,1.5,LK & SB,EXP,6-Jan,4.2,0,0,0,0,0,55,0,45,P,P,A,UNK,15,1,0.5,0.3,0.2,0.1
7/7/2023,PLQ3,5-4,5,4,1.5,1.2,LK & SB,EXP,6-Jan,4.2,0,0,0,5,0,85,0,10,P,A,A,UNK,5,0.1,0,0,0,0
7/7/2023,PLQ3,25-20,25,20,7.6,6.1,LK & SB,EXP,6-Jan,4.2,0,0,0,0,0,60,0,40,P,A,A,UNK,10,0.3,0.3,0.1,0.1,0.2
7/7/2023,PLQ3,20-15,20,15,6.1,4.6,LK & SB,EXP,6-Jan,4.2,0,0,0,0,0,60,0,40,P,A,A,UNK,10,0.3,0.3,0.1,0.1,0.2
7/7/2023,PLQ3,16-15,16,15,4.9,4.6,LK,CORE,10,4.2,0,0,0,0,0,40,0,60,P,A,A,P,5,0.1,0.1,0.1,0.3,0.3
7/7/2023,PLQ3,16-15,16,15,4.9,4.6,SB,CORE,10,4.2,0,0,0,0,0,95,0,5,P,A,A,P,5,0.4,0.4,0.3,0.3,0.1
7/8/2023,PYR2,18-15,18,15,5.5,4.6,PB,CORE,10,NA,0,0,0,0,0,0,100,0,P,A,A,P,30,0.4,0.4,0.4,0.4,0.4
7/8/2023,PYR2,15-12,15,12,4.6,3.6,PB,CORE,10,NA,0,0,0,0,0,0,100,0,P,A,A,P,50,0.3,0.3,0.3,0.2,0.2
7/8/2023,PYR2,18-15,18,15,5.5,4.6,RAL,CORE,10,NA,0,0,0,0,0,0,100,0,P,A,A,P,35,0.1,0.1,0.1,0.1,0.1
7/8/2023,PYR2,15-12,15,12,4.6,3.6,RAL,CORE,10,NA,0,0,0,0,0,0,100,0,P,A,A,P,35,0.1,0.1,0.1,0.1,0.1
7/8/2023,PYR2,35-30,35,30,10.6,9.1,LK,EXP,1 to 9,NA,0,0,0,0,0,0,50,50,A,A,A,UNK,0,0,0,0,0,0
7/8/2023,PYR2,30-25,30,25,9.1,7.6,LK,EXP,1 to 9,NA,0,0,0,0,0,10,55,35,P,A,A,UNK,1,0.5,0,0,0,0
7/8/2023,PYR2,25-20,25,20,7.6,6.1,LK,EXP,1 to 9,NA,0,0,0,0,0,50,20,30,P,A,A,UNK,5,0.1,0.1,0.3,0.3,0.5
7/8/2023,PYR2,20-15,20,15,6.1,4.6,LK,EXP,1 to 9,NA,0,0,0,0,0,40,10,50,P,A,A,UNK,15,0.1,0.1,0.1,0.5,0.5
7/8/2023,PYR2,15-10,15,10,4.6,3.0,LK,EXP,1 to 9,NA,0,0,0,0,0,40,10,50,P,A,A,UNK,15,0.1,0.1,0.1,0.5,0.5
7/8/2023,PYR2,10-5,10,5,3.0,1.5,LK,EXP,1 to 9,NA,10,0,0,0,0,70,0,20,P,P,A,UNK,75,0.1,0.1,0.1,0.3,1
7/8/2023,PYR2,5-2,5,2,1.5,0.6,LK,EXP,1 to 9,NA,10,0,0,0,0,40,0,50,P,A,A,P,80,0.05,0.05,0.05,0.1,0.1
7/8/2023,PYR2,47-45,47,45,14.3,13.7,LK,EXP,1 to 9,NA,0,0,0,0,0,0,100,0,A,A,A,UNK,0,0,0,0,0,0
7/9/2023,PYR3,45-40,45,40,13.7,12.2,LK,EXP,2 to 9,NA,0,0,0,0,0,0,100,0,A,A,A,UNK,0,0,0,0,0,0
7/8/2023,PYR2,40-35,40,35,12.2,10.6,LK,EXP,1 to 9,NA,0,0,0,0,0,0,100,0,A,A,A,UNK,0,0,0,0,0,0
7/8/2023,PYR2,35-30,35,30,10.6,9.1,SAB,EXP,1 to 9,NA,0,5,0,0,0,5,90,0,P,A,A,UNK,1,0.1,0.1,0.1,0.1,0.1
7/8/2023,PYR2,30-25,30,25,9.1,7.6,SAB,EXP,1 to 9,NA,0,0,0,2,0,18,80,0,P,A,A,UNK,1,0.5,0.3,0.4,0.1,0.1
7/8/2023,PYR2,25-20,25,20,7.6,6.1,SAB,EXP,1 to 9,NA,0,0,0,5,0,80,15,0,P,P,A,UNK,5,1,0.5,0.4,0.3,0.1
7/8/2023,PYR2,20-15,20,15,6.1,4.6,SAB,EXP,1 to 9,NA,0,0,1,0,0,60,39,0,P,P,A,UNK,50,1,1,0.1,0.1,0.4
7/8/2023,PYR2,15-10,15,10,4.6,3.0,SAB,EXP,1 to 9,NA,0,40,0,0,0,20,30,10,P,P,A,UNK,70,0.1,0.1,0.1,1,0.4
7/8/2023,PYR2,10-5,10,5,3.0,1.5,SAB,EXP,1 to 9,NA,0,0,0,0,0,20,10,70,P,A,A,UNK,80,0.5,0.5,0.5,0.5,0.5
7/8/2023,PYR2,47-45,47,45,14.3,13.7,SAB,EXP,1 to 9,NA,0,0,0,0,0,0,100,0,A,A,A,UNK,0,0,0,0,0,0
7/9/2023,PYR3,45-40,45,40,13.7,12.2,SAB,EXP,2 to 9,NA,0,0,0,0,0,0,100,0,A,A,A,UNK,0,0,0,0,0,0
7/8/2023,PYR2,40-35,40,35,12.2,10.6,SAB,EXP,1 to 9,NA,0,0,0,0,0,0,100,0,A,A,A,UNK,0,0,0,0,0,0
7/8/2023,DAG,18-15,18,15,5.5,4.6,RAL,CORE,10,2.5,0,0,0,0,0,0,100,0,P,A,A,UNK,10,0.5,0.5,0.4,0.4,0.2
7/8/2023,DAG,15-12,15,12,4.6,3.6,RAL,CORE,10,2.5,0,0,0,0,0,0,100,0,P,A,A,UNK,10,0.3,0.3,0.3,0.4,0.2
7/8/2023,DAG,18-15,18,15,5.5,4.6,PB,CORE,10,2.5,0,0,0,0,0,0,100,0,P,A,A,UNK,10,0.1,0.1,0.1,0.1,0.1
7/8/2023,DAG,15-12,15,12,4.6,3.6,PB,CORE,10,2.5,0,0,0,0,0,0,100,0,P,A,A,UNK,30,0.1,0.1,0.1,0.1,0.1
7/8/2023,DAG,31-30,31,30,9.4,9.1,LK,EXP,1 to 6,2.5,0,0,0,0,0,0,100,0,A,A,A,UNK,0,0,0,0,0,0
7/9/2023,DAG,30-25,30,25,9.1,7.6,LK,EXP,1 to 6,2.5,0,0,0,0,0,0,100,0,A,A,A,UNK,0,0,0,0,0,0
7/8/2023,DAG,25-20,25,20,7.6,6.1,LK,EXP,1 to 6,2.5,0,0,0,0,0,0,85,15,P,P,A,UNK,3,1,1,0.5,0.5,0.3
7/8/2023,DAG,20-15,20,15,6.1,4.6,LK,EXP,1 to 6,2.5,0,0,0,0,0,0,75,25,P,P,A,UNK,5,1,1,0.5,0.5,0.3
7/8/2023,DAG,15-10,15,10,4.6,3.0,LK,EXP,1 to 6,2.5,0,0,0,0,0,0,75,25,P ,A,A,UNK,30,0.05,0.05,0.05,0.5,0.5
7/8/2023,DAG,10-5,10,5,3.0,1.5,LK,EXP,1 to 6,2.5,0,0,0,0,0,0,100,0,P ,A,A,UNK,20,0.05,0.05,0.05,0.1,0.1
7/8/2023,DAG,20-15,20,15,6.1,4.6,SAB,EXP,1 to 6,2.5,0,0,0,0,0,0,100,0,P,A,A,UNK,40,0.05,0.05,0.05,0.7,0.5
7/8/2023,DAG,15-10,15,10,4.6,3.0,SAB,EXP,1 to 6,2.5,0,0,0,0,0,0,100,0,P,P,A,UNK,70,1,0.5,0.4,0.1,0.05
7/8/2023,DAG,10-5,10,5,3.0,1.5,SAB,EXP,1 to 6,2.5,0,0,0,0,0,80,20,0,P,A,A,UNK,5,0.05,0.05,0.05,0.05,0.1
7/8/2023,DAG,31-30,31,30,9.4,9.1,SAB,EXP,1 to 6,2.5,0,0,0,0,0,0,100,0,P,A,A,UNK,1,0.5,0,0,0,0
7/9/2023,DAG,30-25,30,25,9.1,7.6,SAB,EXP,2 to 6,2.5,0,0,0,0,0,0,100,0,P,A,A,UNK,1,0.5,0,0,0,0
7/8/2023,DAG,25-20,25,20,7.6,6.1,SAB,EXP,1 to 6,2.5,0,0,0,0,0,0,100,0,P,P,A,UNK,20,1,1,0.5,0.4,1
7/8/2023,BLH,25-20,25,20,7.6,6.1,RAL,CORE,10,4.5,0,0,0,0,0,0,100,0,P,A,A,UNK,5,0.1,0.1,0.1,0.1,0.2
7/8/2023,BLH,20-15,20,15,6.1,4.6,RAL,CORE,10,4.5,0,0,1,0,0,0,99,0,P,A,A,UNK,2,0.1,0.1,0.1,0.5,0.2
7/8/2023,BLH,15-10,15,10,4.6,3.0,RAL,CORE,10,4.5,0,0,90,0,0,0,10,0,P,A,A,UNK,15,0.1,0.1,0.1,0.1,0.1
7/8/2023,BLH,10-5,10,5,3.0,1.5,RAL,CORE,10,4.5,0,0,80,5,0,15,0,0,A,A,A,P,0,0,0,0,0,0
7/8/2023,BLH,5-1,5,1,1.5,0.3,RAL,CORE,10,4.5,0,0,90,10,0,0,0,0,A,A,A,P,0,0,0,0,0,0
7/8/2023,BLH,32-30,32,30,9.7,9.1,RAL,CORE,10,4.5,0,0,0,0,0,0,100,0,P,A,A,UNK,3,0.1,0.1,0.1,0,0
7/8/2023,BLH,30-25,30,25,9.1,7.6,RAL,CORE,10,4.5,0,0,0,0,0,0,100,0,P,A,A,UNK,5,0.1,0.1,0.1,0.1,0.3
7/8/2023,BLH,25-20,25,20,7.6,6.1,PB,CORE,10,4.5,0,0,0,0,0,0,100,0,P ,A,A,UNK,10,0.3,0.3,0.3,0.3,0.3
7/8/2023,BLH,20-15,20,15,6.1,4.6,PB,CORE,10,4.5,0,0,25,0,0,75,0,0,P ,A,A,UNK,30,0.3,0.3,0.3,0.2,0.2
7/8/2023,BLH,15-10,15,10,4.6,3.0,PB,CORE,10,4.5,0,0,25,0,0,75,0,0,P ,A,A,UNK,25,0.5,0.5,0.3,0.3,0.2
7/8/2023,BLH,10-5,10,5,3.0,1.5,PB,CORE,10,4.5,0,0,30,0,5,65,0,0,P ,A,A,UNK,1,0.1,0,0,0,0
7/8/2023,BLH,5-1,5,1,1.5,0.3,PB,CORE,10,4.5,0,0,80,0,1,19,0,0,P ,A,A,UNK,1,0.1,0.1,0.1,0.1,0.1
7/8/2023,BLH,32-30,32,30,9.7,9.1,PB,CORE,10,4.5,0,0,0,0,0,0,100,0,P ,A,A,UNK,1,0.1,0.1,0.1,0.1,0.1
7/8/2023,BLH,30-25,30,25,9.1,7.6,PB,CORE,10,4.5,0,0,0,0,0,0,100,0,P ,A,A,UNK,5,0.4,0.4,0.4,0.4,0.4
7/8/2023,BLH,45-40,45,40,13.7,12.2,LK,EXP,1 to 12,4.5,0,0,0,0,0,20,80,0,A,A,A,UNK,0,0,0,0,0,0
7/8/2023,BLH,40-35,40,35,12.2,10.6,LK,EXP,1 to 12,4.5,0,0,0,0,0,50,50,0,A,A,A,UNK,0,0,0,0,0,0
7/8/2023,BLH,35-30,35,30,10.6,9.1,LK,EXP,1 to 12,4.5,0,0,3,0,7,55,35,0,P,A,A,UNK,1,0.3,0,0,0,0
7/8/2023,BLH,30-25,30,25,9.1,7.6,LK,EXP,1 to 12,4.5,0,0,0,0,40,35,25,0,P,A,A,UNK,1,0.05,0,0,0,0
7/8/2023,BLH,25-20,25,20,7.6,6.1,LK,EXP,1 to 12,4.5,0,0,0,0,50,25,25,0,P,A,A,UNK,1,0.05,0,0,0,0
7/8/2023,BLH,20-15,20,15,6.1,4.6,LK,EXP,1 to 12,4.5,0,5,0,0,40,40,15,0,P,A,A,UNK,15,0.1,0.1,0.1,0.05,0.05
7/8/2023,BLH,15-10,15,10,4.6,3.0,LK,EXP,1 to 12,4.5,0,10,0,0,50,40,0,0,P,P,A,P,35,1,0.5,0.3,0.3,0.1
7/8/2023,BLH,10-5,10,5,3.0,1.5,LK,EXP,1 to 12,4.5,0,5,0,0,55,40,0,0,P,A,A,P,20,0.1,0.1,0.1,0.1,0.1
7/9/2023,BLH,5-4,5,4,1.5,1.2,LK,EXP,2 to 12,4.5,0,5,0,0,55,40,0,0,P,A,A,P,20,0.1,0.1,0.1,0.1,0.1
7/8/2023,BLH,56-55,56,55,17.0,16.7,LK,EXP,1 to 12,4.5,0,0,0,0,0,5,95,0,A,A,A,UNK,0,0,0,0,0,0
7/9/2023,BLH,55-50,55,50,16.7,15.2,LK,EXP,2 to 12,4.5,0,0,0,0,0,5,95,0,A,A,A,UNK,0,0,0,0,0,0
7/8/2023,BLH,50-45,50,45,15.2,13.7,LK,EXP,1 to 12,4.5,0,0,1,0,0,15,84,0,A,A,A,UNK,0,0,0,0,0,0
7/8/2023,BLH,45-40,45,40,13.7,12.2,SB,EXP,1 to 12,4.5,0,0,0,5,0,15,80,0,A,A,A,UNK,0,0,0,0,0,0
7/8/2023,BLH,40-35,40,35,12.2,10.6,SB,EXP,1 to 12,4.5,0,1,0,0,0,29,70,0,P,A,A,UNK,1,0.5,0,0,0,0
7/8/2023,BLH,35-30,35,30,10.6,9.1,SB,EXP,1 to 12,4.5,0,0,5,0,0,30,65,0,A,A,A,UNK,0,0,0,0,0,0
7/8/2023,BLH,30-25,30,25,9.1,7.6,SB,EXP,1 to 12,4.5,0,0,0,0,40,0,60,0,A,A,A,UNK,0,0,0,0,0,0
7/8/2023,BLH,25-20,25,20,7.6,6.1,SB,EXP,1 to 12,4.5,0,0,5,0,20,20,55,0,P,A,A,UNK,5,0.1,0.1,0.1,0.1,0.1
7/8/2023,BLH,20-15,20,15,6.1,4.6,SB,EXP,1 to 12,4.5,0,0,5,0,30,35,30,0,P,A,A,UNK,40,0.1,0.1,0.1,0.1,0.4
7/8/2023,BLH,15-10,15,10,4.6,3.0,SB,EXP,1 to 12,4.5,0,5,0,0,20,60,15,0,P,A,A,P,40,0.1,0.1,0.1,0.1,0.1
7/8/2023,BLH,10-5,10,5,3.0,1.5,SB,EXP,1 to 12,4.5,0,10,0,0,30,30,30,0,P,A,A,P,20,0.1,0.1,0.1,0.1,0.1
7/9/2023,BLH,5-4,5,4,1.5,1.2,SB,EXP,2 to 12,4.5,0,10,0,0,30,30,30,0,P,A,A,P,20,0.1,0.1,0.1,0.1,0.1
7/8/2023,BLH,56-55,56,55,17.0,16.7,SB,EXP,1 to 12,4.5,0,0,0,5,0,35,60,0,A,A,A,UNK,0,0,0,0,0,0
7/9/2023,BLH,55-50,55,50,16.7,15.2,SB,EXP,2 to 12,4.5,0,0,0,5,0,35,60,0,A,A,A,UNK,0,0,0,0,0,0
7/8/2023,BLH,50-45,50,45,15.2,13.7,SB,EXP,1 to 12,4.5,0,0,0,5,0,15,80,0,A,A,A,UNK,0,0,0,0,0,0
8/2/2023,TAM,35-30,35,30,10.6,9.1,LK,EXP,1 to 9,4.2,0,0,0,0,0,20,80,0,P,A,A,UNK,1,0.05,0.05,0.05,0.05,0.05
8/2/2023,TAM,30-25,30,25,9.1,7.6,LK,EXP,1 to 9,4.2,0,0,0,0,0,35,65,0,P,A,A,UNK,15,0.3,0.3,0.5,0.5,0.5
8/2/2023,TAM,25-20,25,20,7.6,6.1,LK,EXP,1 to 9,4.2,0,0,0,0,0,80,20,0,P,A,A,UNK,30,0.1,0.1,0.3,0.5,0.5
8/2/2023,TAM,20-15,20,15,6.1,4.6,LK,EXP,1 to 9,4.2,0,0,0,0,0,90,10,0,P,A,A,UNK,5,0.1,0.1,0.1,0.3,0.3
8/2/2023,TAM,15-10,15,10,4.6,3.0,LK,EXP,1 to 9,4.2,0,0,0,0,0,95,5,0,P,A,A,UNK,5,0.3,0.3,0.1,0.1,0.1
8/2/2023,TAM,10-5,10,5,3.0,1.5,LK,EXP,1 to 9,4.2,0,0,0,0,0,100,0,0,P,A,A,UNK,5,0.1,0.1,0.1,0.3,0.3
8/2/2023,TAM,45-40,45,40,13.7,12.2,LK,EXP,1 to 9,4.2,1,0,0,0,0,0,99,0,A,A,A,UNK,0,0,0,0,0,0
8/2/2023,TAM,40-35,40,35,12.2,10.6,LK,EXP,1 to 9,4.2,0,0,0,0,0,0,100,0,A,A,A,UNK,0,0,0,0,0,0
8/2/2023,TAM3,35-30,35,30,10.6,9.1,SAB,EXP,1 to 9,4.2,0,0,0,0,0,0,100,0,P,A,A,UNK,10,0.5,0.5,0.5,0.3,0.3
8/2/2023,TAM3,30-25,30,25,9.1,7.6,SAB,EXP,1 to 9,4.2,0,0,0,0,0,80,20,0,P,A,A,UNK,10,0.5,0.5,0.5,0.3,0.3
8/2/2023,TAM3,25-20,25,20,7.6,6.1,SAB,EXP,1 to 9,4.2,0,0,0,0,0,100,0,0,P,P,A,UNK,80,1,1,0.5,0.3,1
8/2/2023,TAM3,20-15,20,15,6.1,4.6,SAB,EXP,1 to 9,4.2,0,0,0,0,0,100,0,0,P,A,A,UNK,5,0.1,0.1,0.1,0.1,0.1
8/2/2023,TAM3,15-10,15,10,4.6,3.0,SAB,EXP,1 to 9,4.2,0,0,0,0,0,100,0,0,P,A,A,UNK,70,0.1,0.1,0.1,0.1,0.3
8/2/2023,TAM3,10-5,10,5,3.0,1.5,SAB,EXP,1 to 9,4.2,0,0,0,0,0,100,0,0,P,P,A,UNK,30,0.5,0.3,0.3,1,1
8/2/2023,TAM3,45-40,45,40,13.7,12.2,SAB,EXP,1 to 9,4.2,0,10,0,0,0,0,90,0,A,A,A,UNK,0,0,0,0,0,0
8/2/2023,TAM3,40-35,40,35,12.2,10.6,SAB,EXP,1 to 9,4.2,0,0,0,0,0,0,100,0,A,A,A,UNK,0,0,0,0,0,0
8/2/2023,TAM3,40-35,40,35,12.2,10.6,LK,CORE,"10,20",4.2,0,0,0,0,0,0,100,0,A,A,A,UNK,0,0,0,0,0,0
8/2/2023,TAM3,35-30,35,30,10.6,9.1,LK,CORE,"10,20",4.2,0,0,0,0,0,0,100,0,P,A,A,UNK,1,0.3,0.3,0.3,0.3,0.3
8/2/2023,TAM3,30-25,30,25,9.1,7.6,LK,CORE,"10,20",4.2,0,0,0,0,0,0,100,0,P,A,A,UNK,5,0.3,0.3,0.3,0.3,0.3
8/2/2023,TAM3,25-20,25,20,7.6,6.1,LK,CORE,"10,20",4.2,0,0,0,0,0,50,50,0,P,A,A,UNK,25,0.3,0.3,0.3,0.1,0.1
8/2/2023,TAM3,20-15,20,15,6.1,4.6,LK,CORE,"10,20",4.2,0,0,0,0,0,50,50,0,P,A,A,UNK,25,0.3,0.3,0.3,0.1,0.1
8/2/2023,TAM3,48-45,48,45,14.6,13.7,LK,CORE,"10,20",4.2,0,0,0,0,0,0,100,0,A,A,A,UNK,0,0,0,0,0,0
8/2/2023,TAM3,45-40,45,40,13.7,12.2,LK,CORE,"10, 20",4.2,0,0,0,0,0,0,100,0,A,A,A,UNK,0,0,0,0,0,0
8/2/2023,TAM3,40-35,40,35,12.2,10.6,SAB,CORE,"10,20",4.2,0,0,0,0,0,0,100,0,A,A,A,UNK,0,0,0,0,0,0
8/2/2023,TAM3,35-30,35,30,10.6,9.1,SAB,CORE,"10,20",4.2,0,0,0,0,0,0,100,0,A,A,A,UNK,0,0,0,0,0,0
8/2/2023,TAM3,30-25,30,25,9.1,7.6,SAB,CORE,"10,20",4.2,0,0,0,0,0,0,100,0,P,P,A,UNK,5,0.5,0.5,0.1,0.1,1
8/2/2023,TAM3,25-20,25,20,7.6,6.1,SAB,CORE,"10,20",4.2,0,0,0,0,0,0,100,0,P,A,A,UNK,70,0.1,0.1,0.1,0.1,0.3
8/2/2023,TAM3,20-15,20,15,6.1,4.6,SAB,CORE,"10,20",4.2,0,0,0,0,0,80,20,0,P,A,A,UNK,60,0.1,0.1,0.1,0.3,0.3
8/2/2023,TAM3,48-45,48,45,14.6,13.7,SAB,CORE,"10,20",4.2,0,0,0,0,0,0,100,0,A,A,A,UNK,0,0,0,0,0,0
8/2/2023,TAM3,45-40,45,40,13.7,12.2,SAB,CORE,"10,20",4.2,0,0,0,0,0,0,100,0,A,A,A,UNK,0,0,0,0,0,0
8/2/2023,BLH3,20-15,20,15,6.1,4.6,LK,EXP,1 to 9,0.8,0,0,0,0,0,0,100,0,P,A,A,UNK,1,0.5,0.5,0.5,0.5,0.5
8/2/2023,BLH3,15-10,15,10,4.6,3.0,LK,EXP,1 to 9,0.8,0,0,0,0,0,15,85,0,P,A,A,UNK,10,0.3,0.3,0.3,0.1,0.5
8/2/2023,BLH3,10-5,10,5,3.0,1.5,LK,EXP,1 to 9,0.8,0,0,0,0,0,95,5,0,A,A,A,UNK,0,0,0,0,0,0
8/2/2023,BLH3,30-25,30,25,9.1,7.6,LK,EXP,1 to 9,0.8,0,0,0,0,0,0,100,0,A,A,A,UNK,0,0,0,0,0,0
8/2/2023,BLH3,25-20,25,20,7.6,6.1,LK,EXP,1 to 9,0.8,0,0,0,0,0,0,100,0,A,A,A,UNK,0,0,0,0,0,0
8/2/2023,BLH3,20-15,20,15,6.1,4.6,SAB,EXP,1 to 9,0.8,0,0,0,0,0,0,100,0,P,P,A,UNK,20,1,0.5,0.5,0.3,0.1
8/2/2023,BLH3,15-10,15,10,4.6,3.0,SAB,EXP,1 to 9,0.8,0,0,0,0,0,10,90,0,P,P,A,UNK,50,1,1,0.5,0.5,0.1
8/2/2023,BLH3,10-5,10,5,3.0,1.5,SAB,EXP,1 to 9,0.8,0,0,0,0,0,100,0,0,A,A,A,UNK,0,0,0,0,0,0
8/2/2023,BLH3,30-25,30,25,9.1,7.6,SAB,EXP,1 to 9,0.8,0,0,0,0,0,0,100,0,A,A,A,UNK,0,0,0,0,0,0
8/2/2023,BLH3,25-20,25,20,7.6,6.1,SAB,EXP,1 to 9,0.8,0,0,0,0,0,0,100,0,A,A,A,UNK,0,0,0,0,0,0
8/2/2023,BLH3,40-35,40,35,12.2,10.6,"LK, SB",CORE,10 only,0.8,0,0,0,0,0,0,100,0,A,A,A,UNK,0,0,0,0,0,0
8/2/2023,BLH3,35-30,35,30,10.6,9.1,"LK, SB",CORE,10 only,0.8,0,0,0,0,0,0,100,0,A,A,A,UNK,0,0,0,0,0,0
8/2/2023,BLH3,30-25,30,25,9.1,7.6,"LK, SB",CORE,10 only,0.8,0,0,0,0,0,0,100,0,A,A,A,UNK,0,0,0,0,0,0
8/2/2023,BLH3,25-20,25,20,7.6,6.1,"LK, SB",CORE,10 only,0.8,0,0,0,0,0,0,100,0,A,A,A,UNK,0,0,0,0,0,0
8/2/2023,BLH3,20-15,20,15,6.1,4.6,"LK, SB",CORE,10 only,0.8,0,0,0,0,0,0,100,0,A,A,A,UNK,0,0,0,0,0,0
8/2/2023,BLH3,50-45,50,45,15.2,13.7,"LK, SB",CORE,10 only,0.8,0,0,0,0,0,0,100,0,A,A,A,UNK,0,0,0,0,0,0
8/2/2023,BLH3,45-40,45,40,13.7,12.2,"LK, SB",CORE,10 only,0.8,0,0,0,0,0,0,100,0,A,A,A,UNK,0,0,0,0,0,0
8/2/2023,DAG3,40-35,40,35,12.2,10.6,LK,EXP,1 to 9,2.8,0,0,0,0,0,0,100,0,A,A,A,UNK,0,0,0,0,0,0
8/2/2023,DAG3,35-30,35,30,10.6,9.1,LK,EXP,1 to 9,2.8,0,0,0,0,0,0,100,0,A,A,A,UNK,0,0,0,0,0,0
8/2/2023,DAG3,30-25,30,25,9.1,7.6,LK,EXP,1 to 9,2.8,0,0,0,0,0,0,85,15,A,A,A,UNK,0,0,0,0,0,0
8/2/2023,DAG3,25-20,25,20,7.6,6.1,LK,EXP,1 to 9,2.8,0,0,0,0,0,5,90,5,P,P,A,UNK,10,1,1,1,0.5,0.3
8/2/2023,DAG3,20-15,20,15,6.1,4.6,LK,EXP,1 to 9,2.8,0,0,0,0,0,25,75,0,P,A,A,UNK,20,0.5,0.5,0.3,0.1,0.5
8/2/2023,DAG3,15-10,15,10,4.6,3.0,LK,EXP,1 to 9,2.8,0,0,0,0,0,80,20,0,P,A,A,UNK,60,0.1,0.1,0.1,0.3,0.3
8/2/2023,DAG3,10-5,10,5,3.0,1.5,LK,EXP,1 to 9,2.8,0,0,0,0,0,80,10,10,A,P,P,UNK,95,2,2,2,1.5,1
8/2/2023,DAG3,48-45,48,45,14.6,13.7,LK,EXP,1 to 9,2.8,0,0,0,0,0,0,100,0,A,A,A,UNK,0,0,0,0,0,0
8/2/2023,DAG3,45-40,45,40,13.7,12.2,LK,EXP,1 to 9,2.8,0,0,0,0,0,0,100,0,A,A,A,UNK,0,0,0,0,0,0
8/2/2023,DAG3,40-35,40,35,12.2,10.6,SAB,EXP,1 to 9,2.8,0,0,0,0,0,0,100,0,A,A,A,UNK,0,0,0,0,0,0
8/2/2023,DAG3,35-30,35,30,10.6,9.1,SAB,EXP,1 to 9,2.8,0,0,0,0,0,0,100,0,A,A,A,UNK,0,0,0,0,0,0
8/2/2023,DAG3,30-25,30,25,9.1,7.6,SAB,EXP,1 to 9,2.8,0,0,0,0,0,0,100,0,A,A,A,UNK,0,0,0,0,0,0
8/2/2023,DAG3,25-20,25,20,7.6,6.1,SAB,EXP,1 to 9,2.8,0,0,0,0,0,10,90,0,P,P,A,UNK,40,1,0.5,0.3,0.1,0.1
8/2/2023,DAG3,20-15,20,15,6.1,4.6,SAB,EXP,1 to 9,2.8,0,0,0,0,0,10,90,0,P,P,A,UNK,90,1,1,0.5,0.1,0.1
8/2/2023,DAG3,15-10,15,10,4.6,3.0,SAB,EXP,1 to 9,2.8,0,0,0,0,0,90,10,0,P,P,A,UNK,80,1,1,0.5,0.3,0.1
8/2/2023,DAG3,10-5,10,5,3.0,1.5,SAB,EXP,1 to 9,2.8,0,0,0,0,0,30,70,0,P,P,P,UNK,100,1,1.5,1.5,1.5,0.1
8/2/2023,DAG3,48-45,48,45,14.6,13.7,SAB,EXP,1 to 9,2.8,0,0,0,0,0,0,100,0,A,A,A,UNK,0,0,0,0,0,0
8/2/2023,DAG3,45-40,45,40,13.7,12.2,SAB,EXP,1 to 9,2.8,0,0,0,0,0,0,100,0,A,A,A,UNK,0,0,0,0,0,0
8/2/2023,DAG3,18-15,18,15,5.5,4.6,LK,CORE,10,2.8,0,0,0,0,0,0,100,0,P,A,A,UNK,25,0.3,0.3,0.5,0.5,0.5
8/2/2023,DAG3,18-15,18,15,5.5,4.6,SAB,CORE,10,2.8,0,0,0,0,0,0,100,0,P,P,P,UNK,40,1.5,1,1,0.3,0.1
8/3/2023,PEP3,35-30,35,30,10.6,9.1,LK,EXP,1 to 8,4.7,0,0,0,0,0,15,85,0,P,A,A,UNK,5,0.1,0.1,0.1,0.3,0.3
8/3/2023,PEP3,30-25,30,25,9.1,7.6,LK,EXP,1 to 8,4.7,0,0,0,0,0,15,85,0,P,A,A,UNK,40,0.1,0.1,0.1,0.1,0.1
8/3/2023,PEP3,25-20,25,20,7.6,6.1,LK,EXP,1 to 8,4.7,0,0,0,0,0,20,80,0,P,A,A,UNK,75,0.3,0.1,0.1,0.1,0.1
8/3/2023,PEP3,20-15,20,15,6.1,4.6,LK,EXP,1 to 8,4.7,0,0,0,0,0,20,80,0,A,A,P,UNK,97,2,2,2,1.5,1.5
8/3/2023,PEP3,15-10,15,10,4.6,3.0,LK,EXP,1 to 8,4.7,0,0,0,0,0,50,50,0,P,A,A,UNK,85,0.1,0.1,0.1,0.3,0.5
8/3/2023,PEP3,10-5,10,5,3.0,1.5,LK,EXP,1 to 8,4.7,20,0,0,0,0,75,5,0,P,A,A,UNK,15,0.1,0.1,0.1,0.3,0.3
8/3/2023,PEP3,45-40,45,40,13.7,12.2,LK,EXP,1 to 8,4.7,0,0,0,0,0,0,100,0,A,A,A,UNK,0,0,0,0,0,0
8/3/2023,PEP3,40-35,40,35,12.2,10.6,LK,EXP,1 to 8,4.7,0,0,0,0,0,0,100,0,A,A,A,UNK,0,0,0,0,0,0
8/3/2023,PEP3,35-30,35,30,10.6,9.1,SAB,EXP,1 to 8,4.7,0,0,0,0,0,0,100,0,P,A,A,UNK,20,0.5,0.5,0.3,0.3,0.1
8/3/2023,PEP3,30-25,30,25,9.1,7.6,SAB,EXP,1 to 8,4.7,0,0,0,0,0,50,50,0,P,A,A,UNK,60,0.1,0.1,0.1,0.1,0.3
8/3/2023,PEP3,25-20,25,20,7.6,6.1,SAB,EXP,1 to 8,4.7,0,0,0,0,0,50,50,0,P,P,A,UNK,90,1,0.1,0.1,0.1,0.3
8/3/2023,PEP3,20-15,20,15,6.1,4.6,SAB,EXP,1 to 8,4.7,0,0,0,0,0,0,99,1,P,P,A,UNK,99,1,1,1,0.5,0.1
8/3/2023,PEP3,15-10,15,10,4.6,3.0,SAB,EXP,1 to 8,4.7,0,0,0,0,0,20,80,0,P,P,A,UNK,100,0.1,0.1,0.1,0.1,1
8/3/2023,PEP3,10-5,10,5,3.0,1.5,SAB,EXP,1 to 8,4.7,0,5,0,5,0,90,0,0,P,A,A,UNK,5,0.1,0.1,0.1,0.1,0.1
8/3/2023,PEP3,45-40,45,40,13.7,12.2,SAB,EXP,1 to 8,4.7,0,0,0,0,0,0,100,0,A,A,A,UNK,0,0,0,0,0,0
8/3/2023,PEP3,40-35,40,35,12.2,10.6,SAB,EXP,1 to 8,4.7,0,0,0,0,0,0,100,0,A,A,A,UNK,0,0,0,0,0,0
8/3/2023,PEP3,20-15,20,15,6.1,4.6,LK,CORE,10,4.7,10,0,0,0,10,80,0,0,P,A,A,P,65,0.1,0.1,0.1,0.5,1
8/3/2023,PEP3,15-10,15,10,4.6,3.0,LK,CORE,10,4.7,60,0,0,20,20,0,0,0,P,A,A,P,5,0.1,0.1,0.1,0.1,0.1
8/3/2023,PEP3,10-5,10,5,3.0,1.5,LK,CORE,10,4.7,80,10,0,10,0,0,0,0,A,A,A,P,0,0,0,0,0,0
8/3/2023,PEP3,30-25,30,25,9.1,7.6,LK,CORE,10,4.7,0,0,0,0,0,100,0,0,P,A,A,UNK,5,0.1,0.1,0.1,0.1,0.5
8/3/2023,PEP3,25-20,25,20,7.6,6.1,LK,CORE,10,4.7,0,0,0,0,0,100,0,0,P,A,A,UNK,25,0.01,0.01,0.01,0.3,1
8/3/2023,PEP3,20-15,20,15,6.1,4.6,SAB,CORE,10,4.7,0,2,0,0,0,90,8,0,P,A,A,UNK,60,1,1,0.1,0.1,0.5
8/3/2023,PEP3,15-10,15,10,4.6,3.0,SAB,CORE,10,4.7,0,40,0,0,30,30,0,0,P,A,A,UNK,5,0.5,0.5,0.5,0.5,0.5
8/3/2023,PEP3,10-5,10,5,3.0,1.5,SAB,CORE,10,4.7,0,40,10,10,20,20,0,0,A,A,A,UNK,0,0,0,0,0,0
8/3/2023,PEP3,30-25,30,25,9.1,7.6,SAB,CORE,10,4.7,0,0,0,0,0,100,0,0,P,P,A,UNK,5,1,1,0.3,0.1,1
8/3/2023,PEP3,25-20,25,20,7.6,6.1,SAB,CORE,10,4.7,0,0,0,0,0,90,10,0,P,A,A,UNK,40,0.1,0.1,0.1,0.1,0.3
8/3/2023,NTS2,18-17,18,17,5.5,5.2,LK,CORE,10,3.1,0,0,0,0,0,100,0,0,P,A,A,P,10,0.1,0.1,0.1,0.1,0.3
8/3/2023,NTS2,18-17,18,17,5.5,5.2,SAB,CORE,10,3.1,0,0,0,0,0,80,20,0,P,P,A,UNK,70,1,0.1,0.1,0.1,0.3
8/3/2023,NTS2,40-35,40,35,12.2,10.6,LK,EXP,"4,6,7,8,9",3.1,0,0,0,0,0,0,100,0,A,A,A,UNK,0,0,0,0,0,0
8/3/2023,NTS2,35-30,35,30,10.6,9.1,LK,EXP,"4,6,7,8,9",3.1,0,0,0,0,0,0,100,0,A,A,A,UNK,0,0,0,0,0,0
8/3/2023,NTS2,30-25,30,25,9.1,7.6,LK,EXP,"4,6,7,8,9",3.1,0,0,0,0,0,0,100,0,P,A,A,UNK,30,0.3,0.3,0.3,0.1,0.1
8/3/2023,NTS2,25-20,25,20,7.6,6.1,LK,EXP,"4,6,7,8,9",3.1,0,0,0,0,0,0,100,0,P,P,A,UNK,95,0.5,0.5,0.5,0.5,1
8/3/2023,NTS2,20-18,20,18,6.1,5.5,LK,EXP,"4,6,7,8,9",3.1,0,0,0,0,0,0,100,0,P,A,A,UNK,65,0.5,0.5,0.5,0.5,0.5
8/3/2023,NTS2,48-45,48,45,14.6,13.7,LK,EXP,"4,6,7,8,9",3.1,0,0,0,0,0,0,100,0,A,A,A,UNK,0,0,0,0,0,0
8/3/2023,NTS2,45-40,45,40,13.7,12.2,LK,EXP,"4,6,7,8,9",3.1,0,0,0,0,0,0,100,0,A,A,A,UNK,0,0,0,0,0,0
8/3/2023,NTS2,40-35,40,35,12.2,10.6,SAB,EXP,"4,6,7,8,9",3.1,0,0,0,0,0,0,100,0,A,A,A,UNK,0,0,0,0,0,0
8/3/2023,NTS2,35-30,35,30,10.6,9.1,SAB,EXP,"4,6,7,8,9",3.1,0,0,0,0,0,0,100,0,A,A,A,UNK,0,0,0,0,0,0
8/3/2023,NTS2,30-25,30,25,9.1,7.6,SAB,EXP,"4,6,7,8,9",3.1,0,0,0,0,0,0,100,0,P,A,A,UNK,20,0.5,0.1,0.1,0.1,0.3
8/3/2023,NTS2,25-20,25,20,7.6,6.1,SAB,EXP,"4,6,7,8,9",3.1,0,0,0,0,0,0,100,0,P,A,A,UNK,60,0.1,0.1,0.1,0.7,0.5
8/3/2023,NTS2,20-18,20,18,6.1,5.5,SAB,EXP,"4,6,7,8,9",3.1,0,0,0,0,0,0,100,0,P,A,A,UNK,60,0.5,0.1,0.1,0.1,0.1
8/3/2023,NTS2,48-45,48,45,14.6,13.7,SAB,EXP,"4,6,7,8,9",3.1,0,0,0,0,0,0,100,0,A,A,A,UNK,0,0,0,0,0,0
8/3/2023,NTS2,45-40,45,40,13.7,12.2,SAB,EXP,"4,6,7,8,9",3.1,0,0,0,0,0,0,100,0,A,A,A,UNK,0,0,0,0,0,0
8/3/2023,NTS2,10-5,10,5,3.0,1.5,LK,EXP,"1-3,5",3.1,0,0,0,0,0,10,20,70,P,A,A,UNK,50,0.1,0.1,0.1,0.2,0.5
8/3/2023,NTS2,19-15,19,15,5.8,4.6,LK,EXP,"1-3,5",3.1,0,0,0,0,0,0,50,50,P,A,A,UNK,30,0.3,0.3,0.1,0.1,0.1
8/3/2023,NTS2,15-10,15,10,4.6,3.0,LK,EXP,"1-3,5",3.1,0,0,0,0,0,40,10,50,P,A,A,UNK,65,0.3,0.3,0.3,0.3,0.5
8/3/2023,NTS2,10-5,10,5,3.0,1.5,SAB,EXP,"1-3,5",3.1,0,0,0,0,0,20,40,40,P,A,A,UNK,40,0.3,0.3,0.1,0.1,0.05
8/3/2023,NTS2,19-15,19,15,5.8,4.6,SAB,EXP,"1-3,5",3.1,0,0,0,0,0,40,40,20,P,A,A,UNK,60,0.05,0.05,0.5,0.5,0.1
8/3/2023,NTS2,15-10,15,10,4.6,3.0,SAB,EXP,"1-3,5",3.1,0,2,0,0,0,8,40,50,P,A,A,UNK,30,0.5,0.5,0.5,0.3,0.1
8/3/2023,PYR3,45-40,45,40,13.7,12.2,LK,CORE,"10,20",3.3,0,0,0,10,25,65,0,0,A,A,A,UNK,0,0,0,0,0,0
8/3/2023,PYR3,40-35,40,35,12.2,10.6,LK,CORE,"10,20",3.3,0,0,0,10,25,65,0,0,A,A,A,UNK,0,0,0,0,0,0
8/3/2023,PYR3,35-30,35,30,10.6,9.1,LK,CORE,"10,20",3.3,0,0,0,10,25,65,0,0,A,A,A,UNK,0,0,0,0,0,0
8/3/2023,PYR3,30-25,30,25,9.1,7.6,LK,CORE,"10,20",3.3,0,0,0,10,30,60,0,0,A,A,A,UNK,0,0,0,0,0,0
8/3/2023,PYR3,25-20,25,20,7.6,6.1,LK,CORE,"10,20",3.3,0,0,0,10,70,20,0,0,A,A,A,UNK,0,0,0,0,0,0
8/3/2023,PYR3,20-15,20,15,6.1,4.6,LK,CORE,"10,20",3.3,0,0,0,10,90,0,0,0,P,A,A,UNK,3,0.1,0.1,0.1,0.1,0.1
8/3/2023,PYR3,15-10,15,10,4.6,3.0,LK,CORE,"10,20",3.3,0,20,0,10,70,0,0,0,A,A,A,UNK,0,0,0,0,0,0
8/3/2023,PYR3,10-5,10,5,3.0,1.5,LK,CORE,"10,20",3.3,20,15,0,0,10,0,0,55,P,A,A,UNK,15,0.01,0.01,0.01,0.01,0.01
8/3/2023,PYR3,55-50,55,50,16.7,15.2,LK,CORE,"10,20",3.3,0,0,0,10,10,80,0,0,A,A,A,UNK,0,0,0,0,0,0
8/3/2023,PYR3,50-45,50,45,15.2,13.7,LK,CORE,"10,20",3.3,0,0,0,10,25,65,0,0,A,A,A,UNK,0,0,0,0,0,0
8/3/2023,PYR3,45-40,45,40,13.7,12.2,SAB,CORE,"10,20",3.3,0,0,0,5,20,75,0,0,A,A,A,UNK,0,0,0,0,0,0
8/3/2023,PYR3,40-35,40,35,12.2,10.6,SAB,CORE,"10,20",3.3,0,0,0,5,20,75,0,0,A,A,A,UNK,0,0,0,0,0,0
8/3/2023,PYR3,35-30,35,30,10.6,9.1,SAB,CORE,"10,20",3.3,0,0,0,5,20,75,0,0,A,A,A,UNK,0,0,0,0,0,0
8/3/2023,PYR3,30-25,30,25,9.1,7.6,SAB,CORE,"10,20",3.3,0,0,0,0,10,85,5,0,P,A,A,UNK,5,0.05,0.05,0.05,0.05,0.05
8/3/2023,PYR3,25-20,25,20,7.6,6.1,SAB,CORE,"10,20",3.3,0,0,0,0,20,80,0,0,P,A,A,UNK,5,0.05,0.05,0.05,0.05,0.05
8/3/2023,PYR3,20-15,20,15,6.1,4.6,SAB,CORE,"10,20",3.3,0,0,0,0,20,80,0,0,P,A,A,UNK,5,0.1,0.1,0.1,0.1,0.1
8/3/2023,PYR3,15-10,15,10,4.6,3.0,SAB,CORE,"10,20",3.3,0,0,10,10,20,60,0,0,A,A,A,UNK,0,0,0,0,0,0
8/3/2023,PYR3,10-5,10,5,3.0,1.5,SAB,CORE,"10,20",3.3,0,0,10,10,10,0,0,70,P,A,A,UNK,10,0.05,0.05,0.05,0.05,0.05
8/3/2023,PYR3,55-50,55,50,16.7,15.2,SAB,CORE,"10,20",3.3,0,0,5,0,10,85,0,0,A,A,A,UNK,0,0,0,0,0,0
8/3/2023,PYR3,50-45,50,45,15.2,13.7,SAB,CORE,"10,20",3.3,0,0,0,5,20,75,0,0,A,A,A,UNK,0,0,0,0,0,0
8/3/2023,PYR3,55-5,45,40,13.7,12.2,LK,EXP,1 to 9,3.3,0,0,0,0,55,45,0,0,A,A,A,UNK,0,0,0,0,0,0
8/4/2023,PYR4,55-6,40,35,12.2,10.6,LK,EXP,2 to 9,3.3,0,0,0,0,55,45,0,0,A,A,A,UNK,0,0,0,0,0,0
8/3/2023,PYR3,55-5,35,30,10.6,9.1,LK,EXP,1 to 9,3.3,0,0,0,0,35,65,0,0,A,A,A,UNK,0,0,0,0,0,0
8/3/2023,PYR3,30-25,30,25,9.1,7.6,LK,EXP,1 to 9,3.3,0,0,0,0,20,80,0,0,P,A,A,UNK,45,0.5,0.5,0.5,0.3,0.3
8/3/2023,PYR3,25-20,25,20,7.6,6.1,LK,EXP,1 to 9,3.3,0,0,0,0,70,30,0,0,P,A,A,UNK,30,0.01,0.01,0.01,0.1,0.3
8/3/2023,PYR3,20-15,20,15,6.1,4.6,LK,EXP,1 to 9,3.3,0,0,0,5,90,5,0,0,P,A,A,UNK,25,0.01,0.1,0.1,0.1,0.5
8/3/2023,PYR3,55-5,15,10,4.6,3.0,LK,EXP,1 to 9,3.3,0,0,0,5,95,0,0,0,P,A,A,UNK,1,0.01,0.01,0.01,0.01,0.01
8/3/2023,PYR3,55-5,10,5,3.0,1.5,LK,EXP,1 to 9,3.3,40,30,0,0,30,0,0,0,P,A,A,UNK,1,0.01,0.01,0.01,0.01,0.01
8/3/2023,PYR3,55-50,55,50,16.7,15.2,LK,EXP,1 to 9,3.3,0,0,0,10,0,50,40,0,A,A,A,UNK,0,0,0,0,0,0
8/3/2023,PYR3,50-45,50,45,15.2,13.7,LK,EXP,1 to 9,3.3,0,0,0,0,20,70,10,0,A,A,A,UNK,0,0,0,0,0,0
8/3/2023,PYR3,45-40,45,40,13.7,12.2,SAB,EXP,1 to 9,3.3,0,0,0,5,30,65,0,0,A,A,A,UNK,0,0,0,0,0,0
8/3/2023,PYR3,40-35,40,35,12.2,10.6,SAB,EXP,1 to 9,3.3,0,0,0,0,0,100,0,0,A,A,A,UNK,0,0,0,0,0,0
8/3/2023,PYR3,35-30,35,30,10.6,9.1,SAB,EXP,1 to 9,3.3,0,0,0,0,0,100,0,0,A,A,A,UNK,0,0,0,0,0,0
8/3/2023,PYR3,30-25,30,25,9.1,7.6,SAB,EXP,1 to 9,3.3,0,0,0,0,0,100,0,0,P,P,A,UNK,60,1,0.5,0.5,0.3,0.1
8/3/2023,PYR3,25-20,25,20,7.6,6.1,SAB,EXP,1 to 9,3.3,0,0,0,0,0,100,0,0,P,P,A,UNK,40,1,0.5,0.5,0.3,0.1
8/3/2023,PYR3,20-15,20,15,6.1,4.6,SAB,EXP,1 to 9,3.3,0,1,0,0,20,79,0,0,P,P,A,UNK,20,0.3,0.1,0.1,0.5,1
8/3/2023,PYR3,15-10,15,10,4.6,3.0,SAB,EXP,1 to 9,3.3,0,0,0,5,30,65,0,0,P,P,A,UNK,5,1,1,0.1,0.1,0.1
8/3/2023,PYR3,10-5,10,5,3.0,1.5,SAB,EXP,1 to 9,3.3,0,20,20,10,20,30,0,0,A,A,A,UNK,0,0,0,0,0,0
8/3/2023,PYR3,55-50,55,50,16.7,15.2,SAB,EXP,1 to 9,3.3,0,0,0,0,0,80,20,0,A,A,A,UNK,0,0,0,0,0,0
8/3/2023,PYR3,50-45,50,45,15.2,13.7,SAB,EXP,1 to 9,3.3,0,0,0,5,0,85,10,0,A,A,A,UNK,0,0,0,0,0,0
8/4/2023,NTS3,18-17,18,17,5.5,5.2,LK,CORE,10,3.2,0,0,0,0,0,0,100,0,P,P,A,UNK,95,0.3,0.3,0.5,1,0.1
8/4/2023,NTS3,30-25,30,25,9.1,7.6,LK,EXP,1 to 6,3.2,0,0,0,0,0,0,100,0,P,A,A,UNK,5,0.1,0.1,0.1,0.1,0.1
8/4/2023,NTS3,25-20,25,20,7.6,6.1,LK,EXP,1 to 6,3.2,0,0,0,0,0,20,80,0,P,A,A,UNK,55,0.3,0.3,0.3,0.3,0.1
8/4/2023,NTS3,20-15,20,15,6.1,4.6,LK,EXP,1 to 6,3.2,0,0,0,0,0,20,80,0,P,A,A,UNK,95,0.3,0.3,0.5,0.1,0.1
8/4/2023,NTS3,15-10,15,10,4.6,3.0,LK,EXP,1 to 6,3.2,0,0,0,0,0,25,75,0,P,A,A,P,85,0.01,0.01,0.3,0.3,0.5
8/4/2023,NTS3,10-5,10,5,3.0,1.5,LK,EXP,1 to 6,3.2,0,0,0,0,0,25,10,65,P,A,A,P,65,0.01,0.01,0.01,0.3,0.5
8/4/2023,NTS3,30-25,30,25,9.1,7.6,SAB,EXP,1 to 6,4.5,0,0,0,0,0,0,100,0,P,A,A,UNK,20,0.2,0.2,0.2,0.2,0.1
8/4/2023,NTS3,25-20,25,20,7.6,6.1,SAB,EXP,1 to 6,4.5,0,0,0,0,0,0,100,0,P,A,A,UNK,65,0.5,0.3,0.2,0.1,0.1
8/4/2023,NTS3,20-15,20,15,6.1,4.6,SAB,EXP,1 to 6,4.5,0,0,0,0,0,0,100,0,P,A,A,UNK,100,0.5,0.5,0.3,0.05,0.5
8/4/2023,NTS3,15-10,15,10,4.6,3.0,SAB,EXP,1 to 6,4.5,2,0,0,0,0,30,65,3,P,P,A,UNK,99,1,0.5,0.5,0.5,0.1
8/4/2023,NTS3,10-5,10,5,3.0,1.5,SAB,EXP,1 to 6,4.5,10,0,0,0,0,60,10,20,P,A,A,UNK,80,0.5,0.1,0.1,0.05,0.05
